codon,total_9,total_8,S24_9,S24_8,L24_9,L24_8,S15_9,S15_8
AAA,638.329330458863,439.96163640211,579.195652849278,965.664032081526,527.856165104992,604.292309991135,347.039126868211,511.383918738237
AAC,2453.48717572856,1663.36546744398,2409.06362617857,3919.56884120285,2200.82018030564,2232.78776803267,1422.75692975326,2108.33803622715
AAG,2208.08140134382,1321.22989251928,2109.36229541999,3040.45951921014,2109.53244605162,2009.4399863633,988.50102831947,1366.41190030393
AAT,2241.99213123159,1578.03200465408,1994.05972774172,3386.72343623853,1820.42014219673,2002.27290628048,1151.72794941521,1707.59496004881
ACA,1985.07509277918,1325.12984749382,1932.01802205963,3171.32556106039,1730.61704811048,1810.78190546423,985.134590285422,1455.46421992051
ACC,1860.06976315452,1240.02919437056,2177.9148894648,3107.06810821851,2008.80832029965,1901.31975533651,1202.85624590318,1696.99028590001
ACG,1668.52032490509,1069.37449984734,1804.95439943202,2848.81915205421,1936.51365825794,1739.87972965302,977.503163048813,1398.51044146857
ACT,1678.84135637563,1273.01570094827,1841.78256845783,2951.45304399484,1668.0745965581,1638.15332042976,898.327642928759,1345.81248497534
AGA,1188.41507154715,719.125694576734,1173.75020446115,1771.38008854847,1235.2826702677,1092.20403596426,548.641779982878,802.773647647858
AGC,1372.15659373056,920.55975803694,1668.76575527846,2284.43578770341,1561.57969667021,1351.37484755948,1188.23577316921,1554.19839136489
AGG,2321.72335166876,1371.1350230286,2366.80704349031,3350.24476186538,2347.25346023537,2184.27489892145,1218.23202629883,1680.40020187493
AGT,1298.28855185193,922.384062832664,1519.79703845055,2085.45575449884,1373.11964216907,1229.24698442264,1015.97926161901,1263.73262245997
ATA,1923.58809320343,1170.14883653006,1680.0004966967,2436.74080866816,1561.24210429236,1562.34065788696,838.22256689209,1129.54937394721
ATC,1859.1573563631,1129.02654949967,1927.96586735594,2727.38880272502,1795.28716346537,1641.5103015444,946.863857064143,1359.05454569859
ATG,967.494185889254,599.779280664937,947.302622147703,1430.56784308949,939.877462818178,884.303714944291,483.973476661099,724.129579677974
ATT,2012.55385127206,1260.50758840962,1950.02967433794,2934.99029856317,1784.6130403433,1694.56901555069,881.321982672447,1300.30661788964
CAA,1292.45479362386,820.821417413627,1145.70089622525,1865.08115417077,1016.40304659823,1109.97026323182,778.733963385001,1154.39997196063
CAC,1385.29001043242,879.218837489634,1514.15787120913,2083.12972397296,1168.56587792459,1228.39829136066,1342.77571807489,1754.06744756796
CAG,1444.8160875821,925.487444859734,1405.49661353289,2175.31400941096,1249.19433701444,1266.12345836212,1139.13722013218,1577.0217958778
CAT,1067.9450757765,767.582785869541,1008.23200382543,1633.03710497785,801.300834281982,925.470137173144,817.607734979525,1097.728741982
CCA,1682.18287405359,911.140574387358,1942.46032071348,2425.55355644762,1755.30760862891,1447.01242053415,1015.16981156712,1279.25709362041
CCC,1433.77857120268,744.335243686293,1933.57435321636,2098.48244562865,1777.19614678636,1408.95478321571,1088.97440210769,1297.7280653746
CCG,1259.32016521808,682.401910832478,1510.362749052,1774.90330760549,1553.25232461232,1228.46417480741,973.045870305164,1141.89581890237
CCT,1395.91254536102,846.623809021417,1750.60429518279,2118.6622698303,1646.05352855319,1276.56141066919,915.254667162351,1218.22899428516
CGA,2106.23907796778,1303.35524716694,2031.04726262031,3118.53168291209,1869.01516686167,1687.28792451223,1361.37029962222,2212.45319965122
CGC,1768.33903366131,1047.22733176827,2041.52812108207,2709.47074173448,1861.13105775696,1658.09923230846,1429.27884179988,1988.49856648671
CGG,1881.33218483505,1035.15112015143,2036.19278446325,2764.52251544583,1982.37122545068,1673.0691112779,1593.72167212231,1972.14304837962
CGT,1486.16083201964,986.132693954831,1515.38290356239,2326.78461894867,1507.86992415731,1300.41360280666,1042.24125871229,1454.00431333056
CTA,909.55530072552,652.902526445597,898.291217425472,1445.61088518397,772.675267670325,822.085835258857,607.975256755121,997.363857903894
CTC,924.653957373902,644.005022259725,1067.86862552034,1566.63674880844,895.994786511033,936.864656536131,868.728181188968,1200.61666617613
CTG,780.919927457649,626.692560438901,833.50358955058,1393.92563011075,847.52882876027,870.117817047166,622.818722054018,902.29619700239
CTT,978.920921893929,710.607128001927,1036.7275860453,1676.94420130167,950.535108762246,1019.12116378453,681.657024923396,1064.71739390089
GAA,2179.55230504007,1224.68302463759,2022.74522939945,2800.062349068,1991.98054879154,1731.57286519617,1283.51505276265,1748.53949428161
GAC,2957.74294562778,1731.37033393642,2855.26885479805,4156.30059133807,2791.57806326879,2592.65382795818,1983.24542747975,2751.4714360732
GAG,1882.13530503529,1018.39757000763,1892.36658342345,2481.83588189032,1918.97444684973,1639.37689190911,1183.753572941,1540.48780688425
GAT,2645.06413922332,1603.06753095019,2323.40519783327,3453.58405856028,2355.61024818339,2112.72949721333,1453.62751224412,2056.97954561641
GCA,2196.79788485925,1393.53362386198,2267.690103503,3283.43195001185,1992.96339350438,1937.61568469322,1514.49795597466,2061.80013009684
GCC,2246.54870612272,1473.71165343269,2686.565661188,3780.89516619563,2478.31504432432,2238.4756799561,1912.44117327822,2505.84481268029
GCG,1765.79255284682,1039.88291268759,2134.52829232694,2604.72475082403,2037.6745128724,1590.9185886054,2091.91058756705,2485.09091579639
GCT,2011.05006825959,1464.66829143348,2388.71242466273,3639.00300926948,2184.19520980561,2012.59416980054,1581.90207224848,2188.82654279994
GGA,2775.30539907996,1627.39040782428,2640.3325204977,3748.55388320802,2714.35676013826,2286.10716089297,1752.23718268164,2464.71895547043
GGC,1363.77909241467,841.413191388735,1726.51810417945,2099.75494148158,1611.08479025509,1314.61301509771,1321.27689867919,1499.95984904914
GGG,2055.46901072537,1126.80942262701,2342.79920059563,2802.99174681685,2188.54839499581,1811.11625311819,1702.75846740067,1980.43924525478
GGT,1201.7194470597,711.101358678372,1417.03675051375,1814.51674980779,1405.38878836411,1092.25458279774,987.69380411644,1127.04254093827
GTA,1102.29189889116,700.206355707345,971.588643101424,1453.85275839972,1008.0128575467,918.621486841708,623.565406852541,917.145115196531
GTC,1456.20416231545,853.223558846757,1568.94883119782,2050.0449572366,1441.49785226985,1239.46938744302,1138.31355307531,1411.84185951242
GTG,1082.06323961737,649.400840852976,1160.25776266385,1482.12998786291,1139.87604056243,914.542831966178,722.239759830431,956.726975291287
GTT,1294.25812556528,808.472948791516,1360.19073487088,1865.78489273327,1284.98987297624,1102.90675896683,889.303480701402,1154.82461892227
TAA,581.902281461674,382.205482393892,329.448988900993,874.721158514414,196.174179036861,333.019815223248,473.501586299616,1075.67685039048
TAC,1204.87956866436,922.241116085642,1142.16524181748,2111.43731796641,1075.79787303834,1256.53685520437,752.599512045666,1207.38366426922
TAG,696.229549987251,372.419341947927,334.353261507509,885.09019344543,345.75132144877,360.632538429464,259.02422526464,679.512720380207
TAT,1055.53453876921,760.16649806057,898.415471896842,1651.06896484638,876.683534876423,935.341418602048,516.741451415371,815.284230949518
TCA,1848.7321099784,1197.72554911245,1806.42692251627,3021.15151570328,1510.84637069636,1552.20014932919,1095.22986816696,1828.79241204977
TCC,1638.04083646356,1146.35990294555,2032.92085662938,2874.9267855936,1778.49982974814,1682.4969600443,1350.61353068577,1785.90275458526
TCG,1376.811808252,947.430161264858,1622.51769505181,2395.44749918667,1541.65013181172,1356.05888778063,1225.66099760849,1596.71104851902
TCT,1584.3405494499,1153.91078065044,1794.05858327803,2790.6436405026,1574.50951587234,1506.45677677953,1068.90590354811,1483.0340862625
TGA,1913.60522199856,998.765502871907,1247.55429582152,2413.70028012797,1113.62539759702,1127.82110811574,1117.67516253702,2465.03697529974
TGC,1166.71851813404,848.666628324416,1280.6164738333,1978.45515712586,1236.15265465859,1134.97745242887,791.415767553833,1289.83643096474
TGG,1988.95389475715,1301.19132520336,1955.75708923241,2897.18661693124,1914.35924864258,1637.25480083851,1437.46748695836,2214.39327816894
TGT,970.113158148291,815.030771867581,1031.64074130503,1725.07267861235,1054.62578426794,1002.89700225198,542.048766695105,796.651399193313
TTA,877.766562930871,605.242463112796,693.427980949909,1241.39944800746,612.086535153524,676.099965771933,410.449328474282,705.425679458635
TTC,629.576703987411,456.040997600975,722.205295260665,1146.32320568613,585.216368242961,643.445905316292,871.913508551227,1257.0181019082
TTG,1019.70106435408,716.921023005414,964.579878411938,1531.0550505493,940.341278099408,923.445589702629,712.439003620302,1035.13431722769
TTT,522.218597139148,433.924552534594,524.168278586069,973.161752787672,455.312077814578,537.263452836688,555.716557576747,851.162382941923
