codon,S24_0_8,S24_1_8,S24_2_8,S24_0_9,S24_1_9,S24_2_9,L24_0_8,L24_1_8,L24_2_8,L24_0_9,L24_1_9,L24_2_9,S15_0_8,S15_1_8,S15_2_8,totalRPF_0_9,totalRPF_1_9,totalRPF_2_9,totalRPF_0_8,totalRPF_1_8,totalRPF_2_8,S15_0_9,S15_1_9,S15_2_9
AAA,2179.77208057806,2164.89538457913,3106.85222726867,1226.7375109297,1658.89333842599,2134.50705330452,1413.62016984805,809.792999515903,1493.16800884459,1141.71039174495,1263.61641156694,2062.28025124279,1115.91035613116,1163.06514250183,1040.31444051024,1461.4781246268,1730.69286532973,1034.42366076185,1025.689513946,1563.60864840392,1449.82811940589,740.722637076604,1141.87302933498,1408.92308976588
AAC,8120.53253486775,7265.97055995218,5824.13808045225,4845.41323924468,5681.12447692471,4912.86189297413,4621.4408611935,2612.95530473585,2885.02192136641,4313.32942550547,4389.42057243257,4420.31749951851,4439.2642342275,4767.81738090998,2244.34645039553,5337.41254206903,5460.29746761149,2388.27070006424,3503.5588903637,5227.94666827457,2897.35864716998,2925.09587538871,4128.33250669511,2817.28696420822
AAG,6313.88664055635,6277.11611678251,5588.91577996558,4239.30488241761,4672.75821625118,4401.16463568815,4214.85818807239,2588.71209744613,2853.10274132875,4239.78688265846,3928.31923925232,4327.51533298273,2838.30885984151,3303.71379363406,1740.69143991951,4681.74100761473,4511.57150466298,2073.74766022358,2801.05515276874,4534.92591485428,2432.44983362609,2013.34696737798,2682.27110026559,2314.0456724923
AAT,7086.93066769429,6659.85624004286,4604.18057219253,4255.85219644894,5191.1954944458,3506.45786156629,4101.16537221912,2398.28446808148,2143.95095147047,3750.40173932741,3892.34063143383,3083.59146866396,3663.10018737892,4037.91320023223,2239.77052338947,5116.41576587709,4995.2015244318,1684.89636736023,3323.28169386599,5275.72368238666,2197.85199420833,2453.62666684315,3868.7667196969,2520.86901093395
ACA,6565.89949661955,5650.06430096355,5983.61084705497,3945.1534163778,4347.5910814631,4042.20256481124,3789.23487372683,1995.86310089522,3101.99698278497,3428.58707982255,3356.82892679483,3640.67019401817,3050.01373843439,3237.29228264313,2666.35623033138,4153.61532237237,4327.0906838745,1907.10902102118,2842.19131252386,3927.30416015991,2875.858923127,1998.83932762209,2663.68617348598,2784.26162639091
ACC,6472.44035822491,5796.47122845705,4412.30843373936,4346.57359712016,4876.51378280448,3767.80265199091,4017.4765730543,2372.84311182975,2520.49060414965,4081.42927310721,3936.01056248965,3687.20884074789,3489.60422396845,3602.32119203855,1880.84956383825,3971.65414679292,4391.02920078061,1736.56471738446,2648.24903224126,3834.54245980936,2267.60834309075,2404.8211985276,3151.31028073097,2478.77906825998
ACG,5800.96075079691,4758.25166107886,5127.57705909937,3759.48604183893,4041.30792917676,3783.97763721719,3594.18582176387,1961.25885370064,2624.41719229076,3832.55754636406,3225.17020407227,4055.71202627033,2936.47490961621,3038.97467754067,2236.15034872419,3526.63709510777,3938.8437375712,1831.97231566209,2292.59087248082,3088.06961907637,2287.40553512762,2024.15343895212,2702.90655560624,2525.23598000055
ACT,6239.79415864845,5655.53735962567,6038.74621805295,3736.35526588254,4494.78595901022,4401.7336027128,3530.13338445621,2015.76619292638,2753.11699741929,3493.69897217242,3424.89429988011,4229.83894936123,2934.54327680785,3132.02914250787,2305.63308564837,3800.6539916604,4243.09979577858,1962.68433197715,2704.06313258195,3923.43227490016,2726.57739750233,1871.97311027055,2782.84337249264,2802.46797328447
AGA,3776.07036080002,3535.33495870167,2425.56513346668,2407.48157433578,2692.08486283454,1894.77313604818,2342.431686879,1357.12476771578,1211.21737344565,2400.83504521592,2148.93981144294,1696.28107423477,1718.57365222057,1998.79185048446,1033.9682811716,2590.75070144856,2505.15055246023,994.242807903249,1619.32228381055,2543.20626650715,1173.34422745082,1150.76407445675,1711.80601160348,1256.42487104001
AGC,4862.82944758075,4710.77341393906,4773.93808633575,3440.32556587489,4239.93976642233,3825.42672526718,2869.4470112241,1868.51728232026,2423.2462581495,3191.20744464892,3250.75280813186,3601.34424878423,3292.72471175473,3484.47158967028,2253.37199274981,3113.60902248998,3908.19171162574,1792.39456203785,2014.34415307654,3026.69688303336,2389.60470467304,2499.35226609972,3511.79615679699,2861.22082333642
AGG,6688.07240351913,5915.87036805088,4115.42589439073,4626.28421159622,4500.34676614009,3397.84935338558,4459.01178636115,2448.18608762471,2389.45450876543,4582.77816364786,3655.23849798277,3255.08308014977,3405.44750653613,3506.65691741606,1473.95506811876,4768.72957501953,4185.34327852734,1603.86433623082,2823.70524210445,4129.92865857281,2037.92642442542,2374.12364710662,2824.24589366076,1980.59745851206
AGT,4596.89212383867,4705.91388937692,5168.34073499512,3211.38910337892,4268.83811249934,3492.4464630317,2647.55732957421,1677.00857721324,2296.98655448243,2906.59945650489,3127.82563684461,3127.27849501348,2772.74127821394,3026.57947433966,2013.48506132098,3114.39232004929,3864.93532737487,1649.35786969725,2024.659518457,3411.47601409848,2404.16836748985,2120.22923915757,3318.92985631455,2357.14668173924
ATA,5078.39265722108,6049.11467893218,6463.35459216858,3389.59467873051,4631.15678313369,3849.26942770629,3216.38431803317,2250.07052925313,3310.81179681563,3051.3314819602,3678.23772767445,3595.5822493495,2315.34116996485,2935.90440191862,2473.34304525521,4154.65455408891,4212.10097860959,1948.11744304019,2546.15702507423,4421.31032466543,3422.19522052362,1603.78691575131,2645.26016205284,2117.8535638454
ATC,5761.12074762108,5957.85764785728,5952.26821288577,3898.08646770966,4881.64778444177,4598.74017595102,3513.60567532102,2172.32012762711,2954.93990434063,3611.50747652094,4034.92294791382,4424.07715510532,2810.52801792449,3050.15330492743,1941.99097931084,4119.78190959957,4742.57205100564,2299.434043267,2454.16740078861,4051.76590744226,2596.1920318363,1927.07497715796,2907.89183491539,2860.22490084738
ATG,3154.92971049061,3375.36785357692,4638.40436321842,1942.44981046376,2655.84336531913,3324.92241872349,1992.46879546906,1302.10398573781,2249.81314139716,1930.64760639818,2051.64456430812,3152.41713350274,1567.06606850723,1788.88166276886,1549.87103605045,2160.51334823936,2830.92713414011,1707.1732230799,1376.69067691751,2413.46705833553,2008.99923497096,1028.97537010216,1638.70622388114,1834.5625899562
ATT,6088.84238265283,6554.23660487666,5330.53279513329,3917.65717821727,4999.63947372963,4326.39988182996,3518.44746086774,2263.49257801925,2440.98753432518,3605.95709774312,3894.999756109,3600.4548343107,2701.36421579738,2817.37115353635,1695.74510683715,4480.89829920025,4907.3010993819,1796.24606239177,2749.12892838939,4574.00762058685,2288.63811511883,1778.07876139695,2748.86682069535,2439.32794237107
CAA,3932.72607843994,3382.67102401287,3178.83501407059,2311.46074896488,2880.21450462094,2492.00757152443,2313.92964595171,1184.2494176597,1400.86804797199,2056.61662788214,1931.45535651161,1725.36242255784,2396.18374249254,2867.61700531489,2765.24473181277,2677.89628097315,2847.17342956716,1294.84649618826,1775.89139797923,2526.60249652517,1635.58210389159,1572.67270319327,2919.41837867093,3765.25213353573
CAC,4425.29161454624,4920.66694553928,5539.4636066562,3052.976930659,4601.55845872303,4225.39078538665,2644.86212266536,1916.47582125038,2816.81387729876,2338.294731804,3246.39321741134,3434.28856863181,3603.27945758103,5010.82290952398,3456.26849426491,2971.72665031951,3965.80636820065,1919.87192317183,1894.20470878632,3383.34937497686,2567.31291721191,2798.27547682454,5508.53281374351,4535.52212791031
CAG,4527.53513787356,3944.14399962934,3390.55964336184,2771.8773975282,3463.72802564095,2767.50604604729,2700.76937655564,1472.32392748095,1502.82320030909,2488.16681694033,2398.56918521589,1858.4117617471,3263.5632272469,4011.80950115727,3271.63152844437,3057.34550482963,3389.47722147244,1425.84705388182,1997.62404682133,2759.45617863787,1884.63870487931,2293.92221319299,4236.18625948302,4344.30950419227
CAT,3517.04034443292,3589.07570500874,4124.62933035446,2137.99680908854,3049.20427970337,3039.30395803401,2033.80804552232,1312.49790931374,1996.91456265056,1672.44704614918,1934.76179504422,2630.36105418499,2400.85660460841,2660.81019485623,1849.7500370806,2379.7852613784,2770.84582984109,1256.5049860407,1679.47695937986,2635.77037299341,1753.81293838698,1762.16747054315,2703.89105625762,2255.43341783346
CCA,4926.8145820938,6273.44561044295,4832.52888604888,3863.55843566729,5838.84461829374,3653.07469922362,3049.97425844113,2427.61057120686,2609.51921938667,3472.24931298746,4619.80809842173,3277.91505980563,2593.748321151,3873.3274836036,1813.96823597171,3506.24718158476,4502.80982685307,1457.62608792074,1918.31696751616,4096.5417055684,2254.8527214067,2056.13760027318,3775.04616567272,2195.62562513614
CCC,4304.33779571773,5227.75975825582,3499.0396457998,3715.87929884053,5480.2656431931,2982.92824831101,2947.87077306255,2254.31827607576,2014.82068424804,3559.49517431984,4212.98342212097,3072.55342531075,2609.48189285023,3825.08314616557,1508.30714522334,3027.71041065953,3816.7787084261,1261.68464819111,1598.06111476161,3107.75849153683,1664.99184522563,2217.79253484878,3881.31557101641,2155.24752985573
CCG,3713.64613028006,4471.1360387123,3046.51500100904,3098.08442402906,4222.78403936682,2590.86244538156,2508.76454531991,1985.0240918597,1857.18482937565,3087.16363977145,3361.89809760235,2758.40549545451,2371.64546680509,3135.98753805096,1538.47190107578,2604.8670385875,3095.07009235242,1091.89387263209,1489.72703413067,2442.59137068965,1491.35461915269,1980.78358229398,3383.89376774685,2093.57722819399
CCT,4414.87421175536,5594.53489023348,3771.43463878567,3459.31511584742,5338.90706719711,3178.22652073141,2667.78083630593,2053.51921993817,2068.48632785372,3279.33717869202,3966.97605718429,3056.00121264111,2507.56025157291,3388.90699164497,1443.01131987975,3042.30844358873,4097.38243668099,1289.85711787694,1776.13873931457,3492.93784639252,1741.00317621525,1888.13344567037,3477.4394891785,1852.168411773
CGA,6244.73426737388,5264.68721122056,3268.57868016214,3878.74087788669,4759.32824490087,2642.89258608002,3462.30927312639,2035.33952354111,1516.79752879452,3597.89764129686,3274.83192302099,1955.83868243898,4348.3500645995,5063.99577737963,3091.68971722386,4193.22590449581,4727.58627632585,1238.76003833479,2730.41723513328,3633.28884762795,1750.1900046425,2701.73110147942,5330.69756280002,3955.01589025938
CGC,5583.48922929829,5084.32902329115,3532.43244700564,4017.77786442266,4576.80623127577,3108.77056176863,3518.25653513787,2197.9829835969,2062.67501381008,3730.05942067558,3427.93499572083,2887.21273357317,3936.30501191488,4278.83827073335,1770.65269498576,3590.5285646186,3938.74892141579,1474.47576756813,2197.2400724759,2951.23513757862,1747.21717771263,2881.12949395175,3954.4777636749,2597.4711276889
CGG,5647.24311774913,5218.88399383591,3551.0310390167,3994.45461206826,5047.4445668688,3214.72770107234,3593.33197741757,2341.50708103083,2137.65531842409,3924.27436510853,3805.4203007481,2745.03967845227,3844.94223622692,4492.35354461202,1641.2139973074,3909.20969597785,4252.4731846245,1302.61685180792,2192.56094814424,3149.6492396938,1771.46204352602,3051.07401192202,4529.65695910698,2350.4320587548
CGT,4702.63028724221,4143.49030725952,3045.35066851183,3064.41767718719,3822.52488120162,2365.34250051325,2752.08649498276,1546.55545499597,1469.6004385061,2991.80320936504,2615.34327873499,2025.14062979867,2936.67187855326,2962.93502806597,1154.96374259254,3241.57203395771,3656.75092257963,1052.52868450585,2118.72838187457,2870.73541320641,1272.27761891339,2084.07491651982,2911.31158775331,1537.40780680247
CTA,3072.40711976337,3035.59795960174,3897.66914793773,1763.31402031477,2613.93304708203,2702.00494095212,1810.75963505112,1079.60684008541,1767.53034285807,1600.50926552274,1958.45197418394,2209.48121652476,2050.95619933921,2052.17916104761,1717.8715812846,1914.98379894696,2576.35037001283,1228.74764321297,1430.1480531636,2084.06939659231,1740.51472509489,1296.3649761349,2454.75929561984,2459.54231272133
CTC,3317.77055251751,3427.33794552923,4293.2826731001,2191.98172858471,3344.04978363812,3348.17818491628,2055.00416236106,1277.81550443837,2300.20024044248,1892.60441512955,2421.80655723803,3055.01160958448,2481.08081045485,2777.80661700226,2168.46602457069,2027.94332814543,2892.12759738348,1425.00534371865,1448.69069042145,2220.79448876972,2017.07194980579,1772.05769097779,3145.03515788948,3003.421256638
CTG,3011.99553472335,3071.0735549874,4317.46003537058,1737.20885788664,2805.21745658646,3343.36835326867,1950.39094762069,1216.14106755818,2440.89586228407,1776.01222611756,2147.70191228342,3095.43488519267,1911.47324372152,2046.21790232912,1858.36027829909,1746.37341881007,2554.36723559131,1466.51692648932,1360.15102414229,1902.60329536966,2067.68903114632,1312.58592276695,2195.763479374,2479.7218384596
CTT,3583.54910853737,3814.24932936916,4303.84904373083,2166.88708629711,3427.29870738654,3213.10309326132,2142.61981569061,1366.23700298439,2103.95311096568,1940.30596830611,2491.27406300137,3128.89535341413,2198.46202688958,2570.5694759114,1487.15317357307,2230.44810463443,3285.73888400842,1472.39606804292,1580.04043144353,2605.40709672932,1885.40484097474,1448.6346208512,2769.66597178127,2036.67230196802
GAA,5828.40163019392,6266.80635234089,4902.62951193736,4076.99709433484,5753.28755719641,3651.55931387938,3711.49545958175,2457.71409705528,2435.34288235305,3964.26258124567,4476.47345681602,3199.26355666417,3635.15546269348,4635.6215604897,2738.93571632603,4714.96407666754,4907.83822454536,1677.13683501234,2654.88534906741,4653.9237811606,2365.42777360588,2631.78591818305,4800.74434414776,3391.11051487295
GAC,8629.77973372203,7476.33922169851,6904.63126044329,5817.84259468018,6137.82217624243,5380.00987963767,5424.42526205947,3057.79223279298,3874.01083201879,5640.4715281354,4995.97222708136,5055.92761077149,5628.79368287022,5799.6820300579,3057.87942528804,6444.22730417938,5832.35203926706,2770.78690628131,3633.34718238009,5332.59356160175,3083.71110636943,4036.0229725829,5273.59425188992,3553.68574674569
GAG,5160.77568098767,5699.72377471953,5016.54127703087,3858.73711862868,5554.62429497338,3926.21010069409,3456.38783501238,2468.57718689617,2688.70022636453,3901.12102847653,4517.6197285095,3578.16901260499,3186.77138438721,4156.10213948062,2481.34031215279,4045.67586072788,4752.14634225643,1961.57511644958,2193.85441443007,3791.75184105437,2363.11597008618,2428.34259943742,4169.89828875228,2932.23092371643
GAT,7263.82468682405,7739.73738080751,5822.03164069024,4848.03168581641,5965.19431969299,4233.95743851835,4443.42302557223,3103.14300343249,3282.30178335846,4882.08329677449,4640.00782581945,3731.37302886934,4363.22159638294,5303.4484135393,2148.79451331739,6088.85924744815,5803.12242177302,2240.28356330409,3402.80488451751,6048.18467025672,2845.95915047341,3062.56629978115,4743.84558566087,2365.93612294358
GCA,6841.33362261426,6433.54418446291,6189.67341498808,4529.12562695008,5353.93578587037,4179.78957518623,4021.71152682855,2398.85092104605,2843.26252270309,3963.70003365518,3908.54202767757,3498.14726082276,4203.31139084146,5404.49063993591,4004.16117755251,4694.81409450434,4654.17636271326,2012.39797069232,2924.65960467768,4466.74295461335,2875.80311156968,3095.30459194886,4913.93239454679,4486.31405841272
GCC,7646.58997211894,6984.35196704527,5458.41686296829,5377.03072745072,6012.5282151466,4671.68830975399,4640.02375959258,2946.09756412395,3106.33563738612,4849.29521123851,4620.90691112786,3801.46826499225,5066.02259659028,5805.45995192473,3259.6683418325,4698.2605391318,5036.29987877823,2060.40174393214,3042.5916910636,4622.2694961645,2769.27001621234,3881.48173012947,5455.88623010691,4671.83384456097
GCG,5485.72164014472,5070.22595170053,4434.10357666537,4325.90331409397,4905.80627373563,3859.29302373536,3315.75793874571,2185.86950372519,2549.99310902276,3845.10086024374,3398.16126010079,3147.86981344465,4943.4288518692,5951.19825667901,3834.6733651476,3663.79772324071,3999.53660777902,2030.48178213722,2166.01963730768,2925.31555005416,2527.92439359161,4183.20724118133,6419.88511620927,4752.80018831351
GCT,7329.13663240181,6311.61077552289,4673.43200088557,4720.77538548742,5329.03543233404,3960.68304469615,4181.60300000775,2443.23795047843,2394.21350396526,4358.83905770075,3836.99247394019,3020.55181229799,4410.76770745367,4643.51804143388,2421.58190403278,4439.03022805351,4298.63321754516,1636.88965479225,3025.27289699365,4159.73459449318,2234.28097445975,3174.23974321783,4567.3818997181,3234.4637739219
GGA,7658.52737101487,7685.24784159552,5990.73229896648,5318.3415251137,6958.6818878309,4849.09993990376,4830.7641656779,3126.99588926727,3225.83968861991,5479.89186114143,5611.75181610956,3875.68838413253,4911.57278336998,6369.37029501311,3541.68735983329,5937.96375583379,6352.52164056899,2480.0665016023,3403.17073306125,5545.49795758023,3105.12945250285,3575.9714787646,6308.74155331212,4199.84028613965
GGC,4472.70168409511,4588.3790537538,4741.16953084565,3578.75607139553,4562.2371187198,3739.56277693413,2808.53882163792,2045.2852665234,2448.18893099698,3271.68624995263,3453.63973141092,3599.31933229064,3217.53433851636,4183.18055255894,2635.0989224997,3012.82528472485,3872.20783683534,1834.06555940707,1816.71929702682,2853.22987521401,2336.60381401464,2767.68773661219,4918.35674763443,3851.71229366681
GGG,5869.32856342661,6207.76439856554,4341.08629879164,4714.83839458483,6058.28979031029,3801.46646449075,3803.5970862912,2791.96895097206,2578.68483456369,4419.62942156028,4759.0586266103,3453.72570384981,4031.69472590421,5393.42294279569,2459.6976336223,4349.6309427714,5164.18426951779,1787.59750524595,2430.60816273233,3930.29264439228,2303.91339874079,3435.78543483565,5823.77321749704,3408.91779598687
GGT,3757.59611466403,4454.32708102998,3777.27562446795,2967.40929824532,4233.85757485421,2778.60746761765,2292.21897972048,1794.49697599286,1843.52113463274,2852.13638549674,3150.40663487305,2482.87993686393,2380.48668694694,3337.45946288527,1761.74794775301,2739.47066322233,3670.17277625035,1264.04086237156,1569.34557350753,3059.49076972666,1761.1008622703,2051.4478609103,3808.03541613203,2183.52817107542
GTA,3041.53212477058,3178.4550100854,2926.67623409738,2010.81772975045,2428.8727761255,1902.35341477444,1879.41805121408,1013.25028788564,1475.96713143382,2058.63786198895,1766.08400588916,1565.89882071476,1877.80234529808,1993.3262267031,1047.02051242556,2375.60645001346,2176.23360555557,896.703684162226,1483.3448500168,2233.9690971184,1378.97410777798,1253.50237323257,1897.56025118125,1255.08452611638
GTC,4383.65664371872,4497.70356999397,3706.77440126814,3192.04814209484,3747.36369066043,2823.79761416794,2661.56584283262,1829.79041927056,2045.26186828335,2924.56790044023,2827.01762975961,2481.02696624625,2941.87077314607,3576.2825244628,1823.48244703477,3129.08120241689,3013.66505015413,1578.05381082513,1861.84789202408,3110.78258974731,2080.82877587977,2275.99581354025,3098.45638601825,2207.58175777867
GTG,3217.86268971115,3446.10117883921,3633.32660222071,2360.60924566262,2864.14989195288,2507.11630266703,1981.72973221136,1447.60937200559,1985.07350690118,2332.70400127091,2270.81596635177,2277.70714327671,2014.92265647995,2471.61016157821,1586.07421463254,2332.61480047475,2409.99140127633,1399.95261754029,1420.06393960695,2439.11878786781,1829.57782028235,1502.36333332498,2315.7333570797,1817.36991833344
GTT,3900.49640866806,4055.70221644475,2764.12256988911,2782.0298017615,3012.69420621753,1984.76225034911,2303.93413983759,1557.8674288789,1414.09512740971,2583.275323883,2228.33330191607,1566.17258879726,2471.41790541276,2735.05108797722,1092.74094744957,2947.02326216441,2567.78364004787,1031.17514980815,1745.13505234864,2879.28522946501,1251.65970718118,1844.17202894759,2464.84621430973,1257.37414723019
TAA,1929.0400430668,854.144105501565,1841.8190607741,656.623840152474,860.697917710402,1203.25940425256,778.013882015076,317.535026283518,930.145904256138,389.296387733431,540.954005667058,908.441762252562,2125.83735703331,1010.73980410836,1361.62137210691,1004.90010879035,1177.26463390596,564.011273796718,927.768158269481,788.230596694015,993.734784557568,936.488379653457,1346.82042933996,1428.81171760426
TAC,4490.02489929513,3906.11793837083,5647.94250264712,2386.45050480469,3202.70166837237,3915.34963585263,2691.62173747583,1419.05307737128,2972.21850266861,2195.21734349055,2491.80376422918,3455.95876121782,2518.73986568266,2362.45021981623,2248.28679062831,2655.63037913741,3240.7290067375,1728.7073438324,2009.43799293593,2629.77233435343,2347.94939779147,1556.82811690325,2169.73199247386,2621.36156269096
TAG,2067.28179443415,786.49608087054,1211.99518041573,716.729880287415,745.384178869622,883.011486865172,916.541942395415,383.057411090266,709.25487456986,706.202377261171,558.80245985447,579.949916421201,1354.57267171487,640.497630326835,589.112484638145,1100.80708828882,1078.0013631528,420.420438657344,846.423593936812,709.067273608028,637.754498757232,563.423250967789,721.081764606977,593.021807278644
TAT,3474.9814075571,3568.68622207581,5093.22076181517,1852.61472120332,2873.9874249662,3550.75995203435,2006.13473337802,1176.90662145715,2454.06805828523,1801.05087009959,2159.24243852992,3123.45828570622,1741.89527454694,1735.32966013467,1912.37054166063,2318.32873389288,2954.07096367574,1526.13064233813,1690.65807748628,2654.87374414048,2225.93136954811,1079.91578073579,1776.35945865901,2245.97056227289
TCA,6036.74686260807,5489.95838755067,4051.51170219865,3586.59702143236,4772.52251755968,3145.79627032199,3162.1706925545,1829.73054083776,1819.80987355917,3026.07882891787,3231.44032800852,2101.23539953351,3660.81746669978,4339.50110022161,3719.40619173492,3843.74580942998,4588.63634381754,1642.40910164029,2588.36658207283,4020.58922848162,2240.13867177984,2202.07839654464,4646.07380285843,4051.48519766209
TCC,5880.05930822285,5629.35323069973,4777.20237072039,4099.29669566125,5081.06455715781,3916.41904131129,3480.51359572944,2203.46697282687,2857.42102767989,3549.41433774896,3845.77891493222,3764.88076907142,3750.95496819982,4379.63629238296,3416.37862671724,3521.18248717567,4353.76954154117,1861.71714632855,2392.59867873953,3579.06625438851,2485.61103033048,2712.53043738565,4684.29938394613,4273.12255311701
TCG,4889.9840363762,4627.95401181879,4402.03551694568,3448.18512047592,4266.65159843054,3393.87102762954,2819.95649585097,1907.01100171921,2220.63829733886,3102.2304468847,2982.3447577728,3138.42756523179,3436.62363263426,4184.94079167778,2359.31257394712,3071.9793534171,3633.07628435799,1834.83550555016,2010.77562913571,2846.90989047985,2060.79908244594,2636.55159343324,4253.06211592924,3215.54780504142
TCT,5700.80505891878,5717.94910417173,6787.44757471692,3596.69845489392,4697.58715833566,5786.83276432745,3131.45854840762,1842.63374837887,3408.06735802247,3171.16947797149,3354.08524703693,4003.70635426597,3183.16025219749,3812.4772752629,6959.82441951519,3558.99933054282,4226.37053265284,2631.67627654816,2414.9771865066,3876.65454389088,3696.08071768454,2205.61635312149,4110.40905321541,7648.51754138145
TGA,5350.50737878805,2268.7245935343,3828.25923396124,2475.14036778018,2172.5439308008,2782.26638460708,2750.59428033797,1097.29660953025,2877.75519568464,2405.35671392471,2041.44181128764,2953.45738000089,4852.09195971532,2506.17326098892,2627.13696442482,3230.56709258779,3389.98105048306,1759.63277902476,2272.28270173376,1760.10044729522,2660.74857021705,2339.09914315146,3180.63843237625,2749.72216544425
TGC,4206.02888678898,3549.62360847258,3105.44625941259,2574.87800591816,3072.40767793928,2577.20582343812,2375.3005645228,1431.3115622119,1493.60951960133,2494.5247296546,2116.40645194538,1832.10639555385,2709.07001924925,2826.48848387158,2756.87207943496,2545.1577730793,3171.37641934304,1365.58759764629,1824.05883088521,2382.77715328558,1843.99154814163,1651.25406637347,3097.60664852908,3383.74650329933
TGG,5969.17847916283,6050.94076894886,4428.53427081303,3941.06644526871,5142.17663091151,4036.20080916407,3458.62053633677,2393.37898187361,1726.1509118699,3776.50683410672,3660.09177207242,2433.35942660766,4541.9482298945,5772.19715253902,5388.34835135973,4281.07776494696,5063.74640863749,2360.53683727258,2693.51754400971,4252.67407269983,2660.79000303682,2903.41433664235,5729.11717809959,7865.22593882028
TGT,3661.7841516708,3468.80195679865,2839.28756917568,2147.51676626331,2647.23536367104,1821.5574997663,2117.6260046474,1170.43848853569,1215.72407982576,2180.26364058437,1904.61100874787,1713.76983106563,1747.05865138744,1820.7075390265,1291.64478969634,2263.27889013279,2693.65615249356,1021.6560644168,1747.50750325902,2462.77285448303,1418.37633573931,1159.75455936289,2010.61166734882,1685.74223241332
TTA,2572.765656392,2193.53284568138,1869.12284868497,1352.04664939346,1924.76759327104,1327.86314134485,1428.91259583228,763.553873061463,765.69698934163,1246.85714972763,1366.67570060557,1063.73001349547,1505.98866461356,1486.88365446085,1205.57623580093,1850.73631857994,1951.31241478691,691.640564607569,1264.37316241077,1746.68912691662,947.016169901509,872.727831408549,1714.32488338045,1374.09829292382
TTC,2566.11912616021,2826.41859447896,4389.13034411443,1455.11168610365,2092.40612173887,3203.7419522724,1473.35366029989,986.137644587135,2338.48710654081,1205.79005848526,1490.71785052002,3102.88198877053,2594.15216514147,2840.96274418311,1902.65104684093,1362.30372044573,1903.70699922971,1541.48725295698,1066.39941787031,1614.49359869106,2002.29782568903,1776.20154592439,2801.43676767294,2368.81849898406
TTG,3267.43277498661,3587.15288970671,5183.39189929738,2018.12901668556,2998.4208395893,3618.28153709741,2001.03703419517,1296.16006684954,2697.03415149969,1982.48282198607,2256.19693270802,3093.30342549805,2236.08520106049,2481.52152595941,2523.48875615849,2255.5785197764,2838.64861350147,1643.55501448152,1631.44904318563,2442.35143111084,2398.93943069494,1476.12669720721,2453.98895315008,2749.71175073145
TTT,2242.49965135404,2522.33719471114,4133.74827148256,1186.10294331899,1816.72877517974,2468.37928775879,1264.98347019554,834.689167867523,1704.90039512487,1002.57012056347,1211.55028223392,2205.89431441911,1822.05723698195,2158.92819924772,1514.37857672542,1230.93649331432,1798.1557064633,1178.61815825974,1010.80384593608,1589.22602054613,1682.72585237654,1202.92201907145,1990.20377746963,1741.02862328668
