,Genes,TE0,TE1,TE2
0,NM_030811,-0.466529754347821,-0.170902463558825,0.27192069149451503
1,NM_173467,-0.12093539955010699,-0.45994991498625504,0.98796653678683
2,NM_000997,-0.16786533658528902,0.164804743192793,0.4946924741006579
3,NM_032025,-0.161859793652374,0.134297527528906,0.11171628624390799
4,NM_213611,-0.0244803108421741,-0.0724989814629752,0.34019192244082397
5,NM_030641,-0.680379912750951,0.009281791988559591,0.12672438244057802
6,NM_000990,-0.264955668936757,0.0590610231392618,0.20944631881742398
7,NM_173793,-0.49082060910858705,-0.0545487671006877,0.25715592909635
8,NM_001321026,-0.0798623018660673,0.0965996074847859,0.409086476345745
9,NM_000262,-0.0969530672067672,0.19596487410405103,0.298346819099362
10,NM_016044,-0.166937649137622,0.425047990607024,-0.14112110675387302
11,NM_001040451,-0.0592318949423902,-0.16657066942822502,0.262570550323381
12,NM_006349,-0.24314174491292,0.46667178156729994,0.248876844343183
13,NM_001025,-0.21221126723534198,0.31431407146181395,0.307299069162265
14,NM_001330330,-0.123694991219663,0.28799258146674,0.26986903057581396
15,NM_001021,-1.0522149032969101,0.628119877901558,0.7208598861616791
16,NM_001330133,-0.36472988747838797,0.28369876609072703,-0.177408082585535
17,NM_002623,-0.403492357273739,-0.121060408873614,0.6788944557755301
18,NM_031485,-0.39646124872276,0.306766348750293,0.26060311647741397
19,NM_001547,-0.524688668369502,0.30382247945230395,-0.0407027603841895
20,NM_006066,-0.334528101599478,-0.0037765407983805,0.147971764494732
21,NM_015713,-0.34254480704421303,0.0909090049440561,-0.00893902913480404
22,NM_001305082,-1.09386517807941,0.14542480214021802,-0.0426520674197687
23,NM_001028,-0.4658926925325011,-0.193514436433255,0.4784297700534961
24,NM_144684,-0.263898069304239,-0.0298247105348387,0.535134070671987
25,NM_000317,-0.187034273948743,0.289753475913495,0.12198518518452901
26,NM_015853,-0.31978089694605605,-0.136870885743335,0.159417585603325
27,NM_003531,-0.230362393691945,0.100626118943142,0.333870913625708
28,NM_001319036,-0.22061290675782896,-0.277554800915729,0.580329885519526
29,NM_001324069,-0.6975120773886059,0.12418837763561802,0.17911012309438198
30,NM_001284338,-0.31283451661161304,0.442441719681383,0.0515927779229978
31,NM_000969,-0.320974772402329,0.162475813269171,0.285847444011155
32,NM_001283021,-0.571906959074436,0.110396914705532,0.0828141864400683
33,NM_020830,-0.171431399362916,0.27836486717672304,0.314862701478347
34,NM_003312,-0.285630500935529,-0.28178769139993104,0.428629820263601
35,NM_145691,-0.189910395814999,7.01223384397211e-05,0.0520992814994182
36,NM_020153,-0.505350827037846,-0.0387153166789208,0.37027922762612103
37,NM_017906,-1.03653937539693,0.24566791511897895,0.269807059325279
38,NM_001282190,-0.43525861704660795,0.0733810227618837,0.182644178315443
39,NM_005125,-0.20941892053148,0.428644653564198,0.740717664475177
40,NM_024556,-0.132027207912343,0.0962084721098161,0.505126090943255
41,NM_001099645,-0.25699745445986,0.537827828543411,0.379109252902231
42,NM_052845,-0.0391078084169775,0.132595173361188,0.43406495926877203
43,NM_006360,-0.28032768333325303,-0.0160869547271396,0.284900397456104
44,NM_031307,-0.284308472162076,0.19530273801223103,0.368060648505446
45,NM_003542,-0.122702588277263,0.16613430116789998,0.44427943777593004
46,NM_152407,-0.170798265673371,-0.0469013231675902,0.43197951877714397
47,NM_001282958,-0.217697351669494,-0.0943981383936265,0.18868320395427696
48,NM_001193268,-0.452556660043687,0.205340355677118,0.0866390850558345
49,NM_021640,-0.0221277677552419,0.10769593234551199,0.31138653395689697
50,NM_001258274,-0.40835664761099505,0.168810985999386,0.00562573186383869
51,NM_001317033,-0.601977719454063,0.26004654715368697,0.499609673474978
52,NM_015201,-0.159999192454283,0.230855773136874,0.25876897815049
53,NM_018044,-0.15780808152365,-0.13374704021893802,0.151609527361538
54,NM_001271087,-0.0766196790704275,0.20453914402714105,0.0964813781205242
55,NM_001199189,-0.337035548072927,0.41936034367602004,0.577226345165898
56,NM_012267,-0.11616294892597802,0.436685786281865,0.7842026716978209
57,NM_015871,-0.15308429208297197,0.20235504343676,-0.0552452040634946
58,NM_015332,-0.27514819551310804,0.152101889821522,0.338987221624578
59,NM_001303530,-0.433528962513055,-0.0801614433270452,0.3903748550234579
60,NM_003753,-0.215714077969086,0.438372281749597,-0.0493002360938413
61,NM_001323265,-0.047685129030933,-0.20729311765799602,0.261152826510541
62,NM_001286526,-0.29169507281180296,0.334542857114002,0.0759829613608099
63,NM_199069,-0.149360592213035,0.217792123176018,0.495048692451024
64,NM_001174150,-0.200103010801501,-0.0149652577685204,0.0441501090900449
65,NM_012429,-0.165007258027775,-0.0421257467211331,0.39571638273076104
66,NM_001160210,-0.84325225487325,0.13880991510310098,0.0861678118780276
67,NM_033484,-0.251323620388998,0.0477136811307585,0.0760950161709372
68,NM_014170,-0.327606452865031,0.0526314661337134,0.608623399745283
69,NM_006545,-0.990181188110073,0.297152140203722,0.200601918859528
70,NM_001130089,-0.322285114682536,0.174520539896111,-0.0952438413118197
71,NM_017897,-0.319219980887391,-0.154567583378028,0.81194588008699
72,NM_001122956,-0.285321719988948,0.0834161022069115,0.334204049357664
73,NM_001318716,-0.0528127099246025,-0.25790408364115,0.8440654955763209
74,NM_001099670,-0.25901489817114604,0.533844355552128,-0.0829428748421652
75,NM_024038,-0.0382787516055164,0.00409393452777745,0.25081154930230604
76,NM_001436,-0.34341760106715297,0.11576867761330198,0.154597559420063
77,NM_015666,-0.175014648795863,0.0896121170822297,0.0840500239331207
78,NM_001085411,-0.3207813264069361,-0.0811238639798405,0.18966993278297897
79,NM_000119,-0.29592708933117307,-0.0112652261786773,0.126788306953588
80,NM_024108,-0.20503582493682396,-0.15482588620615803,0.31666589563159303
81,NM_001320905,-0.404711665490659,0.562648558072091,0.42394993755101396
82,NM_001048199,-0.736955713889093,0.166113728832466,0.17748201947116396
83,NM_001260506,-0.10312360301595401,0.28862318232978496,0.14150308011272597
84,NM_001242875,-1.30170436316111,0.32543886079141304,0.25676056414370896
85,NM_017846,-0.463460316544351,-0.0364654344777962,0.21742245689390696
86,NM_001349922,-0.0295390009861908,-0.13172294447321198,0.27296642931777
87,NM_015509,-0.14415508371455701,-0.206170259760946,0.567130670874513
88,NM_001024,-0.4107767652894121,0.35323566268482903,0.42010235349279
89,NM_004645,-0.0847190724723518,0.0226154831671158,0.309707290322573
90,NM_153374,-0.215362036029645,0.066662990027734,0.617611634478209
91,NM_002910,-0.6157961663159829,0.0410404523940481,0.177462495790212
92,NM_001349097,-0.20222178547981698,0.265455039872821,0.35780364539150605
93,NM_000387,-0.7173973138761871,0.118389922899471,0.396534382427324
94,NM_001136033,-0.315592845961714,0.40311979969489997,0.128608015942508
95,NM_001301129,-0.10759355586593401,0.0624570540907346,0.530356194111506
96,NM_000999,-0.226314018321801,0.22553923312302998,0.353709540703859
97,NM_003546,-0.5956509864215079,0.377302125736124,0.7902967266213821
98,NM_003321,-0.4250233170794939,-0.3119067873103761,0.299572943317097
99,NM_015014,-0.134129996040242,0.19452455474962196,0.339620557630971
100,NM_001006657,-0.263331612500367,-0.124823277611289,0.134506705372857
101,NM_001146171,-0.407641500311317,0.434061573691452,0.7529666042294649
102,NM_015697,-0.8506106963666881,0.0238959679159573,0.162625111757795
103,NM_004373,-0.5428137168007311,-0.301081601083801,0.35018034362162104
104,NM_032027,-0.149671252092453,0.5313958477038211,0.5921693151633161
105,NM_001320309,-0.261034000240608,0.11710579011611501,0.451050412887012
106,NM_032630,-0.11013600770969302,0.307472718145901,0.20762846503223498
107,NM_001172223,-0.617056142423832,0.390231683030976,0.411220201318835
108,NM_001243725,-0.36312206687907206,0.12348771350814099,0.391209238951489
109,NM_003977,-0.20892048782266198,0.0821324630189442,0.801275847825453
110,NM_033306,-0.419194132376562,-0.193828413234489,0.45478890040823
111,NM_001544,-0.221210378403852,0.0971263301174719,0.18809107913776896
112,NM_000884,-0.107674109924895,0.35354768170417294,0.676325975709109
113,NM_001166269,-0.11028122014208401,-0.093018509811561,0.125210025592695
114,NM_004704,-0.42714205903773395,0.10879657524194401,0.339593238621461
115,NM_001018067,-0.164830494390237,0.460420464060885,-0.0940770751809136
116,NM_018049,-0.388867288770556,0.324908199345408,0.306170301191877
117,NM_021204,-0.262998679538994,0.611580592989688,0.5332754549366421
118,NM_001284201,-0.501112787775839,0.65807183843378,0.55216592708422
119,NM_023080,-0.529886302614051,0.17722420510126002,-0.09442800338621302
120,NM_001080125,-0.22023316960336897,0.24857420598838,0.278536567017107
121,NM_018060,-0.20928569916422896,-0.0424547358271336,0.19489422245520896
122,NM_001300981,-0.35208330374288105,0.29463349978357395,0.0207646232007986
123,NM_015703,-1.07141346646094,0.227103770768364,-0.0453880794235013
124,NM_001195249,-0.597599692489343,1.12974169639421,0.632118224606691
125,NM_181713,-0.6502870026240071,0.404943875440005,0.386251972592135
126,NM_001863,-0.0758861546645915,0.249015724598868,0.22288201642415098
127,NM_006082,-0.0268545059382586,0.011702983170146002,0.0633535419004779
128,NM_006993,-0.306540108919053,-0.0557055769612882,0.6609384289418521
129,NM_003818,-0.521685099257548,0.159813114829297,0.33142627397436797
130,NM_001281715,-0.12235950904847501,0.183043622254517,0.0146441709324125
131,NM_018668,-0.227275645283476,-0.0872901192285074,0.123097584614524
132,NM_003845,-0.113827608714171,-0.0241158687873258,0.22191791529314397
133,NM_175063,-0.22665251370321804,-0.00158448106265367,0.0706651981328919
134,NM_000584,-0.24181754175023898,0.21277085401624501,0.17886389430837402
135,NM_001008237,-0.388768696341113,0.14143975895224,0.23522661852670002
136,NM_152549,-0.164802989555589,0.5378434141904411,0.409124652405131
137,NM_003512,-0.39394075725684596,0.24062284632584305,0.236518583524218
138,NM_001286270,-0.188950050962304,0.294883403319144,0.0410125344550565
139,NM_001282761,-0.7412093590172041,0.853262903655098,0.42429255930905896
140,NM_003754,-1.03014297257832,0.124327967602122,0.30775080117231296
141,NM_001322086,-0.518195502884645,-0.0364626391932681,0.21260698569051198
142,NM_032683,-0.0608738886780868,0.21181182502256699,0.279084666577753
143,NM_006649,-0.6662772684740389,0.45083232109004295,0.40150461954166206
144,NM_001562,-0.533503563195566,-0.334556303024431,0.541188116009665
145,NM_001317782,-0.41479953544784204,0.181152340713922,0.0149247153163652
146,NM_080748,-0.446085252973933,0.0560286418821057,0.5453206484772921
147,NM_001018078,-0.132952519377524,0.348698551957579,0.140103061044156
148,NM_001135055,-0.566471312189219,0.275556942991426,0.142168633515486
149,NM_001350658,-0.24070410826439298,0.150600857901548,0.24168817818732
150,NM_001003690,-0.264446507521622,-0.0580995548165183,0.4128293062061679
151,NM_001346134,-0.569753470679053,-0.159357988983895,0.562536779441881
152,NM_001329394,-0.278307867094808,0.149848077964065,-0.0653677918160457
153,NM_004529,-0.0322940078367875,-0.128812430253676,0.15952615415829002
154,NM_174894,-0.2487293989018,0.214042880683631,-0.028203550218779
155,NM_021129,-0.15468687121824498,0.126066036861023,0.101885952799557
156,NM_001946,-0.40632247629456497,-0.279963416088602,0.35478188762595897
157,NM_017425,-0.47971595920234394,0.199619485904866,0.257357881623513
158,NM_153477,-0.401931232201389,0.188668184712852,-0.10375385120607
159,NM_001008,-0.391126322706589,0.39721646208704203,0.38112225557405605
160,NM_005231,-0.234608183458369,-0.0685002585522929,0.11982316105534499
161,NM_001013663,-0.189366991275793,0.509731564910135,-0.16459092285103102
162,NM_138384,-0.138065590238966,0.260641850291155,0.338306750156388
163,NM_002615,-0.108491916289338,0.0664865253528127,0.0578598074835817
164,NM_007342,-0.468925001817777,0.507142715185014,0.165266748903738
165,NM_001123226,-0.6153337581883461,0.47960072787773295,0.24008617625217496
166,NM_001320099,-0.12661553146282098,0.10913633932724198,0.565516387058182
167,NM_016060,-0.3937508016789821,0.0450799628619216,0.0126699054253775
168,NM_152376,-0.14752544915761498,0.265382493090136,-0.0036068842945758297
169,NM_003172,-0.93150114316787,0.0435162975303069,0.134666714416738
170,NM_001303625,-0.414965581069355,0.0868493980971156,0.228595823711318
171,NM_001323631,-0.16142386681272,0.25242737673478,0.26391515530916004
172,NM_152307,-0.112322632903413,0.33242236306922807,0.350701990964677
173,NM_017884,-0.17509698224648998,-0.0688474337152647,0.45990892323626503
174,NM_001017,-0.30432633059784603,-0.10990321920871401,0.155092075633227
175,NM_001256584,-0.43375364621193796,-0.005550153876330671,0.0790153090371078
176,NM_016467,-0.497969074875552,0.382127957417444,-0.161191472482632
177,NM_001019,-0.180215749915198,-0.451215624937705,0.593207982610683
178,NM_001199303,-0.302308936828118,0.29690576486193104,0.0686347922526894
179,NM_001316311,-0.23312661113026298,-0.0100640307250768,0.091395694874142
180,NM_002813,-0.11906491035322901,0.136438093943588,0.15599797116199302
181,NM_130439,-0.30285604082080697,0.112576386261604,0.21583358461651803
182,NM_001802,-0.0876021965695002,0.0998212219181373,0.0406715493546105
183,NM_001042548,-0.565850735880589,-0.31477783025035805,0.370792641322142
184,NM_000986,-0.10191963112646,0.00995834858487569,0.0459355256015623
185,NM_017854,-0.133235933940583,0.268419473912007,0.12974135941864998
186,NM_024754,-0.5734222553555961,-0.060697409297952,0.274974816587841
187,NM_001034996,-0.13035713563460802,-0.11614491044393901,0.45212389976319106
188,NM_001142285,-0.288539617102465,0.45490939234648,-0.107760816169118
189,NM_001002841,-0.11397645437869999,0.34268795336648705,0.297983627062352
190,NM_199186,-0.7675489147006039,-0.0027410061380934102,0.124649334830884
191,NM_003932,-0.5244377649013511,0.23036372223918802,0.229733545872638
192,NM_005738,-0.21083001214882102,0.413511347882574,0.190920856860596
193,NM_001321190,-0.0452252518118852,0.158978592670908,0.558501127689527
194,NM_001300900,-0.538140417000584,0.0361976963972083,0.665501497656874
195,NM_001010853,-0.6875679665377371,-0.0313085315002574,0.148590862429758
196,NM_000978,-0.245304095163323,0.056909849779215,0.0877309292842193
197,NM_019103,-0.196442076435001,0.0260119189673904,0.0276446125425686
198,NM_016558,-0.038033087266724,0.107312551788054,0.147183575127005
199,NM_001166357,-0.0497161582306732,-0.0106816616452185,0.215598344339879
200,NM_001276722,-0.160230844025762,-0.171787299379972,0.7896501731456991
201,NM_001568,-0.39612141828236297,0.6007342259790821,0.24327371956435
202,NM_016390,-0.142526226803046,0.18935796702892102,0.25023892130609
203,NM_017803,-0.30666234623328303,0.40031816790229996,0.592382392463025
204,NM_001004,-0.251093011223345,0.266625156163266,0.0778841197369244
205,NM_015190,-0.22456403974987302,0.0507812873932777,-0.0036116114206687705
206,NM_003539,-0.47705098338983,0.573236046465826,0.252560988484
207,NM_024653,-1.0171442395710601,0.514121786933027,0.537158312082847
208,NM_001551,-0.671250024146023,0.08612067431591,0.103385870177055
209,NM_001135147,-0.17224872351775103,0.0923741787218624,0.32875275162978496
210,NM_020390,-0.120935099687708,0.29091947427357895,0.15697136379080498
211,NM_001098832,-0.164822981737578,0.18431147529866,0.24191895343326503
212,NM_004074,-0.194039079117508,0.23104070820480604,0.181133991076434
213,NM_021167,-0.25798327631495105,0.36264303069324,0.164717774603432
214,NM_024658,-0.17107738595230199,0.306225038608055,0.422650984868014
215,NM_002687,-0.690207627642063,-0.263291794199276,0.44570128815067894
216,NM_001037633,-0.37020355932956206,0.259086416807279,0.12345468028459199
217,NM_194458,-0.12994317708595698,0.26997649436120497,0.340093797519558
218,NM_153819,-0.310985311036176,-0.20054350393048398,0.504463478366014
219,NM_001319292,-0.349043521918511,0.55525940122703,0.45930072892440504
220,NM_017882,-0.31204779671441807,0.362416697310786,-0.08697617616891098
221,NM_012088,-0.18439240630164802,-0.30712314335505503,0.483207803952647
222,NM_003533,-0.0501645167343284,0.162966218097908,0.243889000341735
223,NM_006233,-0.0833706854764357,0.247773339233264,0.427385864230743
224,NM_017518,-0.29329053627199897,0.137263260622467,0.0204286341426462
225,NM_001348385,-0.12863025556277902,0.21685964953561201,0.22124092391301603
226,NM_018149,-0.489459012495365,0.17098886569800698,-0.0687489479914446
227,NM_001001653,-0.374809016316567,0.19178151239296898,0.316069442959495
228,NM_018441,-0.233457953842265,0.0256409543590964,0.569913627960093
229,NM_001324136,-0.276600487512886,-0.0786446874986424,0.15974172536534398
230,NM_018460,-0.115725311876789,0.0518620180150873,0.24383386653366196
231,NM_199290,-0.504573732846725,0.0842155158555163,0.576472024164849
232,NM_018688,-0.411500309362489,0.244592322333365,0.46011378290951793
233,NM_003511,-0.430967100319591,0.36391652018012,-0.15306634540233702
234,NM_001278480,-0.0534392574291276,0.0954449452989612,0.177440671479406
235,NM_002828,-0.320361642992541,0.0324026548569152,0.0930634029883688
236,NM_013342,-0.127311548178002,-0.0466478177872541,0.114470763017158
237,NM_006409,-0.24762471004975897,0.369492817792511,-0.0930136977477134
238,NM_138395,-0.0987309695095115,0.12235765311291599,0.22061047432248101
239,NM_001318058,-0.13591763551005098,0.28793798892196903,0.149006483945315
240,NM_001320327,-0.195018693727052,0.19784790459582602,-0.0580060885034956
241,NM_001317968,-0.15174912017511902,0.0222384813482424,1.29089558288208
242,NM_001286416,-0.0703090246197846,0.20345807524291698,0.27226317604682504
243,NM_001352680,-0.711463139204486,-0.0111369094950308,0.112245204196284
244,NM_006392,-0.364286447083937,0.21520834189129,0.133540181671656
245,NM_001317335,-0.45815636319058595,-0.0604144684158224,0.178286646278762
246,NM_016243,-0.00693249484892312,-0.0033170024706161,0.0878371500405445
247,NM_214710,-0.258520276649294,0.192346738774657,0.10985743888163499
248,NM_144721,-0.15976333361355,0.420368775353988,0.343385046116096
249,NM_018352,-0.268159106195709,0.36319491062187603,0.262961567974966
250,NM_001205029,-0.15355834985487699,0.28473384775144706,0.125481419203742
251,NM_016466,-0.17806359767379898,0.36721799666670596,-0.0229245048772702
252,NM_014808,-0.307093569013776,0.45234034850605304,-0.0686790238167142
253,NM_001130913,-0.17499531560903303,0.28389798163842894,1.0731400677499898
254,NM_001321903,-0.146190916252044,0.25766064190965304,0.11948162420529303
255,NM_000075,-0.47536861371279904,0.49957120826764295,0.6585547821451719
256,NM_014297,-0.0736369057169498,0.00319070958420254,0.21258538150422
257,NM_001199815,-0.136950712778244,0.062558139435006,0.18072456546221
258,NM_001271592,-0.42816524962070396,-0.08529550690722501,0.10076268759131302
259,NM_172251,-0.0694031735083377,0.156034063495377,-0.0280394172436812
260,NM_006391,-1.09052227978903,0.0818960926472536,0.30366979724146304
261,NM_024546,-0.17911583559246896,0.216710059681703,0.19352483675225798
262,NM_006913,-0.338795990780417,0.8383400856866071,1.03062417999897
263,NM_031902,-0.24161762215417298,-0.288916258625393,0.8462987273853899
264,NM_001320410,-0.3681388176806121,-0.10683327976529801,0.154185909406097
265,NM_001326334,-0.3561842383077029,-0.000599375348259213,0.12763177172856402
266,NM_001135187,-0.436903435157508,0.16593882087253198,0.345309659312939
267,NM_012106,-0.181705779245772,0.384447187515584,0.577120715435189
268,NM_001286198,-0.231586886457281,0.236525015559204,-0.13936865387394698
269,NM_005476,-0.191600370048981,0.22387781197385895,0.00517359157333608
270,NM_017910,-0.36623456839015,0.32659415779705897,-0.14899862142839498
271,NM_002314,-0.266925837338446,0.123123194877306,0.33098222095282803
272,NM_004095,-0.27031096181099695,-0.066196728391167,0.561741939026903
273,NM_145315,-0.549564983772225,0.0763423967726269,0.0337690096707624
274,NM_020195,-0.09360316650105499,0.32832191647456704,0.701291442865275
275,NM_015260,-0.37401950919506105,0.459792874408909,0.26561253694056003
276,NM_001242903,-0.403904757705289,0.25974435426305,0.233513730506114
277,NM_021823,-0.603440357405173,0.239402276217173,0.41909411863417206
278,NM_001349178,-0.20130985590698,0.231837355781776,-0.0981533177336889
279,NM_001245,-0.17663306811126803,0.174608598719638,0.272644477407067
280,NM_002928,-0.25309193215229897,0.271943935962489,0.850180041563489
281,NM_001083962,-0.24392113611406502,0.290695961335119,0.0516975365919584
282,NM_001172132,-0.7317722806875171,0.0788561440526802,-0.0131317426373302
283,NM_001201475,-0.17071329352009,0.4440368984440479,0.29199258247717197
284,NM_024112,-0.395299735000209,-0.27346256780196,0.39936355628249
285,NM_017640,-0.144496973574806,0.42108311676023297,0.104251022810326
286,NM_003089,-0.270187226181468,-0.10410119409113801,0.560106166018824
287,NM_001136194,-0.347349073356383,0.0237570594514982,0.197345232685459
288,NM_000288,-0.219718706072595,0.00206510717718157,0.49961667157260997
289,NM_033540,-0.0836659819467087,-0.23738037722448002,0.422475721484844
290,NM_199287,-0.244221118564482,-0.00621198328006867,0.7085152229293449
291,NM_033624,-0.13875744467266002,0.191890784706567,0.237292761506686
292,NM_003675,-0.275905829892287,0.079339991891237,0.063967036108323
293,NM_016172,-0.134843821305869,0.20228356080589,0.7735465954793109
294,NM_005819,-0.0380667006441517,-0.240269868277534,0.539196280345817
295,NM_001322407,-0.47782990800412,-0.273649145963333,0.521722546285738
296,NM_001242597,-0.406844706148483,0.15176438894340302,0.126133554825884
297,NM_024612,-0.262514162169541,-0.0449760243687154,0.21917147099708703
298,NM_001321287,-0.0906316728849033,0.251369719402585,0.178596253445762
299,NM_001304430,-0.86984166485771,-0.0641724763999893,0.108474378089146
300,NM_001243776,-0.16735332570944,0.0171333057795921,0.6027468214021451
301,NM_018034,-0.062161371612476,0.0411559714623191,-0.0136244757745637
302,NM_012469,-0.398006520704127,0.182765872189323,0.18792561134987398
303,NM_144607,-0.15529780075736,0.301690571625828,0.11241823665486801
304,NM_022460,-0.380786807855605,-0.351063543960616,0.31174397782532
305,NM_018285,-0.30321691182940097,-0.0420340505623498,0.42562589176187204
306,NM_001278549,-0.236229086697114,0.19666518500723898,0.7152893481822479
307,NM_001353095,-0.321918992727336,0.222552640259227,-0.0452722159846517
308,NM_144709,-0.245240849195436,-0.031983026121208,0.0875216000375423
309,NM_001002244,-0.0312790190859377,0.0280527407011165,0.0637818694163285
310,NM_006753,-0.21479029897745003,0.143719430909007,0.0977312739461981
311,NM_001282328,-0.0124840956664838,-0.20076218230010398,0.328916995156669
312,NM_016535,-0.7354512264128101,0.455486524557921,0.316505134536616
313,NM_001042533,-0.664310478253815,-0.0556116005483196,0.423580612940714
314,NM_001330200,-0.267783501860714,0.129186841176014,0.137273681005142
315,NM_001256030,-0.0213184489250185,-0.0819840382950528,0.11993518807960901
316,NM_000852,-0.22955857425170298,-0.020828917817301004,0.6210197596728929
317,NM_001130841,-0.46805509083482794,0.0852342868521323,0.29659128965227505
318,NM_001322352,-0.10710598494152301,-0.63742963706157,0.831253442851392
319,NM_001201536,-0.396391922088632,0.13765302347979902,-0.032133957319591
320,NM_138401,-0.12480213126420099,0.414911539432125,0.577830753420463
321,NM_001330057,-0.47938537394318104,-0.210552068619846,0.4014076068193211
322,NM_001553,-0.309770081117278,0.427355001946944,0.32574807895619107
323,NM_005694,-0.354567419967125,0.0174601164432768,0.30998743765250897
324,NM_001013439,-0.302358434605493,0.26137144672164897,0.35991865617707797
325,NM_138350,-0.199486034297404,0.0396128901474294,0.540254367351863
326,NM_032366,-0.18143812483003602,0.40029903175735,0.49172137873707505
327,NM_001312660,-0.24388487541142498,0.004117511548892379,0.280151651940305
328,NM_144772,-0.39446820758263595,0.24178336472656198,0.10156589828773899
329,NM_018439,-0.46526379367618603,-0.12489183900102999,0.299187988896838
330,NM_004597,-0.32140393221771096,-0.0290967626459724,0.0597711203202836
331,NM_024100,-0.144728887710099,0.19651555506230603,0.200280521599085
332,NM_024037,-0.0806540536661856,0.0891180992159451,0.277188611809132
333,NM_016565,-0.5778234874355129,-0.365321131536609,0.434226501771456
334,NM_004064,-1.2091402366389699,0.206866923471658,0.0681268372119758
335,NM_005015,-0.20901427317190602,0.217898351731948,0.114927161382754
336,NM_003969,-0.2775596922546,0.24708858534544398,0.561259840156907
337,NM_207368,-0.16940813073117003,0.26344216127073,0.275891630454656
338,NM_001286440,-0.21130925528687197,0.169274925049644,-0.0756940323058067
339,NM_001145901,-0.38901306561361604,0.274134188616888,0.488309866622036
340,NM_001301746,-0.271751528762279,0.186028884566327,-0.0328304891756151
341,NM_005657,-0.335614462051899,0.19996291169874697,0.0996156021969033
342,NM_014245,-0.138748864070752,-0.041857589040989,0.10118533889258699
343,NM_001320608,-0.159728185433509,0.056166065387762004,0.00544750135467528
344,NM_003705,-0.159414706031215,0.351463831031723,-0.10115588053063801
345,NM_001184986,-0.12698923502230303,-0.10872259228901099,0.12157051700177
346,NM_032928,-0.064150240282146,0.20511032397324303,0.0571453739587806
347,NM_021134,-0.11393937282382699,-0.287488664316541,0.276383407207969
348,NM_032477,-0.52035469674658,0.0348465154529485,0.272762163369518
349,NM_025205,-0.19401598779019502,0.208571537041171,0.296083411939688
350,NM_020382,-0.27098992300921804,0.36971736823662105,0.023870311375422993
351,NM_001415,-0.238712223631768,0.247629825924857,0.416314511055258
352,NM_001330173,-0.193342694688691,-0.253649184737697,0.48028425789924706
353,NM_006012,-0.0805237902422903,0.160847798438051,0.510750747481309
354,NM_001003684,-0.625790453195663,-0.286273449467881,0.29667891521379197
355,NM_024843,-0.290763287976103,0.12745591409107598,0.123163846433504
356,NM_002931,-0.54821955613603,0.15466927848480602,0.168423182627891
357,NM_152766,-0.050504902213315,-0.0140579994457669,0.27328120491771196
358,NM_001278639,-1.02784714409363,0.6840464444125072,-0.34237909084462004
359,NM_003731,-0.15937860082440802,0.087865588662943,-0.000493674510264796
360,NM_003519,-0.566956334633883,0.11883031745499,0.43477994294731
361,NM_003689,-0.21471498467929,0.0529095670168656,0.14911060276423002
362,NM_001318943,-0.163804758995151,0.235356536090719,0.0553760405364507
363,NM_003313,-0.34027257845860104,0.227183374458281,0.0253559812250727
364,NM_024805,-0.0469806715868448,0.0961163283386903,-0.0294714928467453
365,NM_005331,-0.404605124619929,0.27615465556152197,0.290401675296284
366,NM_006978,-0.210643082338057,0.10358858466975501,-0.0065595750959118295
367,NM_000485,-0.17206465954112699,0.179493052883237,-0.0614449985609533
368,NM_001317194,-0.5775009140274251,0.150126109624762,-0.0519914993293455
369,NM_194326,-0.41611133150439,0.8829286500198209,0.21118599658633702
370,NM_001930,-0.40448810069940394,-0.0862741173300705,0.21789773346233698
371,NM_001282169,-0.464323931273264,0.21254152474125101,0.477253773860771
372,NM_001287593,-0.0309935721656401,0.0775782647992276,0.6708127785844089
373,NM_001321972,-0.254422257517729,0.106451150302705,0.0147637186593644
374,NM_001166118,-0.0419671111251639,0.0631759722002772,0.25262882328067
375,NM_003495,-0.0790932124262626,-0.00783958165147171,0.347782859996078
376,NM_017777,-0.19792398011918202,0.406641692868725,0.11940595769579598
377,NM_031209,-0.52060504500743,0.111801447864999,0.24828918840351197
378,NM_001307944,-0.742797374710232,0.158779870147461,-0.0673080354898699
379,NM_199342,-0.8872854810410409,0.479052844927831,0.420696690242368
380,NM_017828,-0.341708785917771,0.15561135073474,0.462508727925209
381,NM_021075,-0.196445946781473,0.279787117205801,0.29650052265974997
382,NM_198897,-0.19426023473310397,0.0628359965848114,-0.0366794798264903
383,NM_001302688,-0.38182507350675604,0.42403600034861794,0.706045790267501
384,NM_005720,-0.148219280356513,0.198759949754804,0.38926199451454796
385,NM_001286796,-0.10692098803465301,-0.00867811367511769,0.0668718676490788
386,NM_014455,-0.320465239746678,0.665086347973629,0.46620480395919106
387,NM_001135674,-0.266918860662796,0.541237533156134,-0.12542879249073802
388,NM_001164093,-0.28230361186407504,0.290611367782362,-0.131424967278773
389,NM_003537,-0.388931303050817,0.36841570271482504,0.443661074097339
390,NM_001350502,-0.332184342989414,0.29036307285072804,0.258594292031472
391,NM_020642,-0.20281388672516604,0.30888767717417,0.427558443575631
392,NM_020312,-0.267384919775028,0.104321600302913,0.52916594984769
393,NM_002975,-0.24476178371475102,0.17254668304771098,0.359641155572677
394,NM_014462,-0.29364562857484994,0.358311136011219,0.165015485828212
395,NM_001256799,-0.242685411602215,0.10207613446285302,0.67811547361183
396,NM_152720,-0.0793546464659563,0.241189499074969,0.457324257995115
397,NM_001166703,-0.45660475398460204,0.340897621775219,0.0126440409633643
398,NM_020827,-0.10846979089725999,-0.0133396613958931,0.11169532839124302
399,NM_032673,-0.515154144710274,-0.25750059284994503,0.641295143801687
400,NM_001145939,-1.03908935274922,0.279656157031289,0.0501334029036157
401,NM_000154,-0.41921004259145095,0.255310794360189,-0.0543136421892155
402,NM_002528,-0.24179320192524204,0.369873237018479,0.0494227873872461
403,NM_000431,-0.17686224108969503,0.5375007961130339,0.45608381760891703
404,NM_015953,-0.10628331157443902,0.0439453749548412,0.249429507793061
405,NM_020677,-0.0416811894421428,0.16340265417743,0.812202762342615
406,NM_001076552,-0.19942201069516,-0.0564851252204835,0.14991663106026099
407,NM_139242,-0.38471550883961797,0.17220720475454998,0.45172318977007003
408,NM_019018,-0.44733512581666707,0.5067042687915361,0.11332870320880599
409,NM_002271,-0.425390074152183,0.193450004143858,0.084447783416079
410,NM_006627,-0.21432399740944502,0.050923076068909,0.0069960281921443105
411,NM_001317889,-0.17314237036486999,0.36818743189405895,0.226834710942954
412,NM_030780,-0.126022968024043,-0.14600711325993898,0.28098397396989006
413,NM_017503,-0.22298817031002,-0.0548898390746877,0.19516287595276502
414,NM_001320858,-0.172002536369353,0.23144583768735896,0.531769301404315
415,NM_003514,-0.12609009948897698,0.353113091418464,-0.0504175610572753
416,NM_032795,-1.08874633265336,0.34917547779581204,0.0160063306175532
417,NM_001256964,-0.20261738246477898,0.5438722866424089,0.734857863000004
418,NM_032329,-0.028793649168802997,-0.34897654194155703,0.46708907128302296
