"Gene","TEfc","RNAfc","L24","S15","L24overS15"
"GCHFR",0.155418766043362,0.688591513808345,"noChange","up","noChange"
"SDR39U1",1.12141541366613,-0.277619034417148,"noChange","up","noChange"
"SLC35A1",-0.561258477943471,-0.713373812544451,"noChange","down","noChange"
"PPDPF",1.24871737560604,0.320899205149765,"up","up","noChange"
"BAD",0.53868798403321,1.36452985944583,"noChange","up","down"
"ANKRD26",-0.241224581601211,-1.08924706708141,"down","noChange","noChange"
"KIFAP3",-0.274097485146461,0.0285856296559506,"noChange","down","noChange"
"ZNF566",-0.267318022515665,-0.855329594804406,"noChange","down","noChange"
"CDK2AP1",0.967282420077639,-1.81818890408779,"up","up","noChange"
"TMEM160",0.347994069334259,-0.501613551738074,"noChange","up","noChange"
"PRR14",0.338930406314115,-0.482382370947556,"noChange","up","noChange"
"ABCE1",-0.302794232560854,-1.34671009639079,"noChange","down","noChange"
"MITD1",-0.632525082262367,-0.326831984120286,"noChange","down","noChange"
"MAX",1.09610943847054,0.841425332888462,"noChange","up","noChange"
"PPP6C",-0.529693675853703,0.0275446481733367,"noChange","down","noChange"
"CRYZL1",-0.660135432521005,-0.733458037795146,"down","noChange","noChange"
"MEAF6",0.345206092679978,0.226779551509987,"noChange","up","noChange"
"PTS",-0.361614488305265,0.765691657264462,"noChange","down","noChange"
"OXLD1",0.270823868966464,0.741777682717039,"noChange","up","noChange"
"TMX3",-0.201589475347696,-0.636649632044046,"noChange","down","up"
"MPC1",-0.40714238018435,0.453299071870081,"noChange","noChange","up"
"NT5C3A",-0.552648933674468,1.73846803033198,"noChange","down","noChange"
"CLK3",0.129314339466622,2.53250586523822,"noChange","up","down"
"CDKN2AIPNL",0.679004270708844,-0.377579397370068,"noChange","up","noChange"
"RPL26L1",0.949211624751192,-1.06401823980878,"up","up","noChange"
"RAB11A",-0.420633706498043,-0.439545360710902,"noChange","down","noChange"
"MRPL54",0.782889083004624,0.347527570945062,"up","noChange","noChange"
"HIST1H2BF",0.743571462467587,1.66115094524259,"noChange","up","noChange"
"HIST1H3A",0.518773742913542,1.86600012806042,"noChange","up","noChange"
"UBE2S",1.12456951387324,2.27690279893657,"noChange","up","noChange"
"MAFG",0.419386105803258,2.00467633703509,"noChange","up","noChange"
"SEC11A",-0.407773122378294,-0.524862711805169,"noChange","down","noChange"
"ZNF569",-0.80565899889927,-0.349465543343226,"noChange","down","noChange"
"HIST1H2AG",0.60233678939443,2.0590671152757,"noChange","up","noChange"
"HIST1H2AJ",0.643661418710624,2.19237810054977,"up","noChange","noChange"
"ORC5",-0.297897842700324,-0.466622849636838,"noChange","down","noChange"
"RPL29",1.21433936650675,-0.38751214515793,"up","up","noChange"
"RAB18",-0.408425852114125,0.743461230230179,"noChange","down","noChange"
"WDR48",-0.277897828589727,1.12512414834577,"noChange","down","noChange"
"UQCRQ",0.203914914244993,-0.507071570838349,"noChange","noChange","up"
"GSPT2",-0.67463879072582,0.0913390824213592,"down","down","noChange"
"CENPE",-0.299261229895158,1.209042928323,"noChange","down","noChange"
"ACTR6",-0.281406722739118,-0.263660532956795,"noChange","down","noChange"
"SUDS3",0.0508359301789131,1.5100725990732,"noChange","up","noChange"
"STK17B",-0.351904879417381,2.4582242337812,"noChange","down","noChange"
"WDR83OS",0.842596553424956,0.617018730135727,"up","noChange","noChange"
"R3HCC1L",-0.640257861874278,0.632890784276435,"down","noChange","noChange"
"MPND",0.069503996204588,0.661523983206939,"noChange","up","noChange"
"HIST1H2AI",0.647449527636664,1.81991526783097,"up","noChange","noChange"
"TNFSF13B",0.468021461305399,1.1326863520662,"noChange","up","down"
"TTLL11",0.725501281308162,0.200407532532226,"noChange","up","down"
"RDX",-0.292571259366211,1.04522416773352,"noChange","down","noChange"
"RTN4IP1",-0.482268742418592,-0.449486831412648,"noChange","down","noChange"
"CCDC28A",0.225615837030403,1.97536363278461,"noChange","up","down"
"DYNC1I2",-0.480727661381396,0.330695955736104,"down","noChange","noChange"
"HIST1H3B",0.767342282068275,1.96096298865479,"noChange","up","noChange"
"CHST12",0.89967345794358,-0.957120602571806,"up","noChange","noChange"
"PIK3CA",-0.433554586009154,1.2444431607809,"noChange","down","noChange"
"PIM1",0.529318172492649,2.42109200700442,"noChange","up","noChange"
"ZNF426",-0.681470298889024,-0.33689103777395,"noChange","down","noChange"
"IP6K2",1.14620552646814,0.830655950195489,"noChange","up","noChange"
"RAD50",-0.425987819396019,-0.455966002951217,"down","down","noChange"
"NDUFA5",0.278744431566131,0.13443158844522,"noChange","noChange","up"
"MPP5",-0.865613516328412,-1.10800104472959,"down","noChange","noChange"
"ZSCAN16",0.264590004631239,-0.354841185887894,"noChange","up","down"
"FBRSL1",0.86454319012273,-1.20815886433157,"noChange","up","noChange"
"TMCC2",0.693934482467908,7.53952970134151,"noChange","noChange","up"
"VPS26A",-0.491883968199026,0.322120579417737,"noChange","down","noChange"
"SNX6",-0.571793369950174,-0.22935677536545,"noChange","down","noChange"
"TIMM8B",0.761616429887099,0.549140938969225,"noChange","up","down"
"PLAU",0.68272024318653,-0.338626472435113,"noChange","noChange","up"
"MTRF1",-0.183282611149552,-0.384755426791464,"noChange","down","noChange"
"NDUFA1",0.337379161571686,0.422502806640711,"noChange","noChange","up"
"MIEN1",0.133049988268528,0.34047905535339,"noChange","up","down"
"BTG2",0.703271104285305,2.87825520974457,"up","noChange","noChange"
"FCER1A",0.0484632074202605,-0.543645570826825,"noChange","down","noChange"
"RHOT1",-0.501656019329466,0.328227026407374,"noChange","down","noChange"
"OXR1",-0.563663144064433,0.707653979855173,"down","noChange","noChange"
"SET",0.424772899368002,-0.438588429658684,"noChange","up","noChange"
"LCOR",1.51374038138679,1.20532865057046,"noChange","up","noChange"
"THOC1",-0.613725431197756,-0.181862671786735,"down","noChange","noChange"
"ZNF33A",-0.733878859989471,0.0432560787708186,"noChange","down","noChange"
"KLF1",0.575141756319978,2.13970225565931,"noChange","up","noChange"
"CDC42EP4",0.560611522367381,0.554567152392408,"noChange","up","noChange"
"ATG12",0.968180976587301,0.421710643455309,"noChange","up","down"
"ARF4",-0.222862104504749,1.80817030655405,"noChange","down","up"
"SERTAD2",0.769869407138289,2.19611478660158,"noChange","up","noChange"
"EFR3A",-0.674671289641909,-0.25041311735311,"noChange","down","noChange"
"FANCL",-0.426645546390445,-0.807726652414036,"noChange","down","noChange"
"PSMG3",0.539878289495322,1.08052199705109,"noChange","up","noChange"
"IPO8",-0.381003431496286,-1.15364284807245,"noChange","down","noChange"
"PDAP1",0.799947986162507,0.580305016861367,"noChange","up","noChange"
"EXOC6",-0.401367930754841,0.159490700884571,"noChange","down","noChange"
"CEP83",-0.515074933239676,-1.20023549763949,"down","down","noChange"
"SLC30A7",-0.336291953618288,-0.0113245293143047,"noChange","down","noChange"
"CD109",-0.455256258236191,-2.38560595092191,"noChange","noChange","up"
"ZNF567",0.0717115375031337,-0.33529901051135,"noChange","down","noChange"
"BOLA1",0.668510185544267,0.287144392284159,"noChange","up","noChange"
"SAC3D1",0.685598915836671,1.60760603387459,"noChange","up","noChange"
"TIAL1",-0.326032107939441,-0.215788832930063,"noChange","down","noChange"
"KRT10",1.42233396939808,0.457575157305486,"up","up","down"
"EXOC5",-0.516154969957028,0.417307403256032,"noChange","down","noChange"
"MFSD2B",0.601840272120962,1.57846120855919,"noChange","up","noChange"
"KIF4B",-0.720696663974915,1.16175112490528,"down","noChange","noChange"
"ATL2",-0.490236220673688,0.937748992150499,"noChange","down","noChange"
"BCL2L12",0.0767404471363492,0.360103986344583,"noChange","up","noChange"
"THOC7",-0.489293915235498,-0.215704612292408,"noChange","down","noChange"
"LMO2",0.59542659739734,-0.0854525559478464,"noChange","up","noChange"
"CD58",-0.443124939543947,1.47191423876649,"noChange","down","noChange"
"DPY19L1",-0.505641121575432,-0.181166722374773,"noChange","down","noChange"
"TUT4",-0.340835846412823,-1.82173135231743,"down","noChange","noChange"
"RPS24",0.101959520115972,-0.263187642406497,"noChange","noChange","up"
"FRAT2",1.04745636601721,-0.917095042485985,"up","up","noChange"
"GLUD2",-0.342079603533114,-1.04740735903313,"noChange","down","up"
"SWT1",-0.313714756728613,3.00150851888037,"down","noChange","noChange"
"GIN1",-0.757939558602702,0.692530996919089,"noChange","down","noChange"
"STAG2",-0.407995972915282,1.16639945229939,"down","noChange","noChange"
"CHCHD7",0.788915485519474,-0.276046906893366,"noChange","up","down"
"ZNF92",0.127599923441437,-0.077442438021329,"noChange","down","up"
"SERTAD3",0.695479690135646,1.87665838533551,"noChange","up","noChange"
"SLC4A1AP",-0.000651548354376073,0.327155749044266,"noChange","noChange","down"
"ENSA",0.105730265641042,0.644490971154576,"noChange","up","down"
"H3F3B",0.660005268677467,1.00848242435883,"noChange","up","noChange"
"POLR3F",-0.16695943970998,-0.103399995519067,"noChange","down","noChange"
"PRPF39",-0.39266427290489,-0.153014580807843,"down","noChange","noChange"
"THAP7",0.624753129785908,-0.0318293518684126,"noChange","up","noChange"
"DMAC1",1.08956106316633,-1.75777292666697,"noChange","up","noChange"
"JRKL",-0.847607811085616,-0.216958350751042,"noChange","down","noChange"
"DNAJB2",0.279564888946126,3.56318015210064,"noChange","up","noChange"
"ZNF724",-0.2149409595492,-0.895896290818217,"noChange","down","noChange"
"STRADB",0.24638271611654,2.83137430646885,"noChange","up","noChange"
"FASTKD2",-0.383987708432359,-1.03999367405731,"noChange","down","noChange"
"SUMF2",0.516867208462783,-0.474494532990825,"noChange","up","noChange"
"GNPDA2",-0.530265181179244,-0.501445107159793,"noChange","down","noChange"
"COPS9",0.977118539967578,0.476486885894851,"noChange","up","noChange"
"RAVER1",0.557237852993204,-1.69323196401832,"noChange","up","noChange"
"ARMT1",-0.477413151813515,-0.643189329208095,"down","down","noChange"
"TIA1",-0.185204967924023,0.162228359361582,"noChange","down","noChange"
"CIAO2B",0.774837486495799,0.317253864638752,"noChange","up","noChange"
"ZNF850",-0.423018541924042,-0.641780659770702,"noChange","down","noChange"
"C7orf50",0.934250533914184,0.241326387964678,"noChange","up","down"
"LYRM7",-0.288631222582827,-0.537147194198568,"noChange","down","noChange"
"CLTB",0.543150811249264,0.681263172653354,"noChange","up","noChange"
"CHCHD2",1.13330654482705,0.295040970210648,"noChange","up","noChange"
"GXYLT1",-0.433964954080567,-0.0509777452573854,"noChange","down","noChange"
"PPIA",0.912244684823883,-0.443245431162477,"up","up","noChange"
"MTCH1",0.613092608906956,1.44180753523111,"noChange","up","noChange"
"PGRMC2",0.421442428475948,1.08168859037806,"noChange","up","noChange"
"CUL5",-0.376215297847293,0.217258228345424,"noChange","down","noChange"
"FAM111A",-0.483423924016358,1.2347536218756,"noChange","down","noChange"
"CCDC34",0.269793863600596,0.979790292509358,"noChange","up","down"
"POLE4",0.452599175997562,-0.129175128802724,"noChange","up","noChange"
"GDI2",-0.442858071248654,-0.164889967943431,"noChange","down","noChange"
"IER5",0.502167261096326,2.05426395187456,"noChange","up","noChange"
"NFKBIL1",0.641054961510353,0.482598859451901,"noChange","up","noChange"
"C1GALT1C1",-0.159034262998448,-0.340877534690904,"noChange","down","noChange"
"FAM89B",0.627249572381115,2.24821547281713,"noChange","up","noChange"
"DCLRE1C",-0.288610450828799,1.21971856309703,"noChange","down","noChange"
"TSPO",0.619004389002397,-0.100625892607051,"up","noChange","noChange"
"POGLUT3",0.268090418150774,-0.723292133498806,"noChange","noChange","up"
"TMEM38B",-0.451154202359169,-0.131502062062141,"noChange","down","noChange"
"IGFLR1",0.608864956098164,0.371230277295658,"noChange","up","down"
"HDGF",0.150549955184812,1.59578761690441,"noChange","up","noChange"
"UBE3A",-0.578985786111896,0.0221089230017837,"down","noChange","noChange"
"UCHL5",-0.320116991796418,-0.827309173167516,"noChange","down","noChange"
"ZNF107",-0.155253517879056,-0.605181659946065,"noChange","down","noChange"
"COX8A",1.06270181999165,0.709719285320245,"up","up","noChange"
"RPL36AL",-0.318453627720649,0.795039421715349,"noChange","noChange","up"
"XPO1",-0.28894617264041,-0.22001295593714,"noChange","down","noChange"
"MAN1A2",-0.315570400595979,0.202008995271877,"noChange","noChange","up"
"CBY1",0.920561633792252,-0.034294542806396,"noChange","up","noChange"
"NDUFA11",0.860677410902445,0.933250525142745,"up","up","noChange"
"MMP14",0.744042496469611,0.551974340537178,"up","noChange","up"
"DDX5",-0.544256209085597,0.208107736448248,"noChange","down","noChange"
"TBC1D15",-0.452694801770169,0.866304040586785,"down","noChange","noChange"
"COA4",1.49221598800032,-0.885176932224437,"noChange","up","noChange"
"TTC26",-0.261111479564223,-0.0329252397569208,"noChange","down","noChange"
"CHTF8",0.872519078742854,0.0495932157357249,"noChange","up","noChange"
"MTMR2",-0.333353275139293,-0.77361832497613,"noChange","down","noChange"
"FAM193B",0.966882445900758,0.873183926436868,"noChange","up","noChange"
"TBC1D32",-0.131085333983238,0.646488823613715,"noChange","down","noChange"
"HIST1H2AH",0.546967585909415,1.92605864836144,"noChange","up","noChange"
"JMJD4",0.345857158184177,-0.854133969275444,"noChange","up","noChange"
"CEP290",-0.847978841685431,-0.807795094754936,"noChange","down","noChange"
"FAM104A",0.999507043926104,3.05555557737341,"noChange","up","down"
"JOSD2",0.812610854411671,1.27228681783802,"up","noChange","noChange"
"ELMOD2",-0.52919580600821,0.209433960467197,"noChange","down","up"
"SEC23A",-0.802558563959408,-2.60321431354965,"down","noChange","noChange"
"RHNO1",0.413522404382801,1.33836226535085,"noChange","up","noChange"
"HIST2H2AC",0.832400016424904,2.22051554970689,"up","up","noChange"
"SHARPIN",0.734805294741541,1.67541482377379,"noChange","up","noChange"
"DTWD1",0.0190850271018514,-0.981589211586721,"noChange","down","noChange"
"TMEM9B",0.0693444513160655,1.77593639273074,"noChange","noChange","up"
"PSMD8",0.503375462103244,0.514139056960365,"noChange","up","noChange"
"RGS3",1.3214395629825,1.06253787286627,"up","up","noChange"
"VAMP7",-0.307298904737696,0.31697952408801,"noChange","down","noChange"
"BLOC1S3",0.632304303221346,-0.11172371573548,"noChange","up","noChange"
"ZNF615",-1.17614498959925,-0.321273702796275,"noChange","down","noChange"
"CMTR2",-0.494872694989261,0.719624936050559,"noChange","down","noChange"
"SHISA5",0.509758326782728,0.557461541494203,"up","noChange","noChange"
"GGH",-0.37723791897333,0.116117079062687,"noChange","down","noChange"
"ETF1",-0.509570636494581,-0.0487536099937155,"noChange","down","noChange"
"MORC3",-0.611191399271751,1.66286724779598,"down","noChange","noChange"
"VRK1",-0.558235172521906,0.591459212452952,"noChange","down","noChange"
"PRXL2B",0.340439877127498,0.304962990321087,"noChange","up","noChange"
"NPM1",-0.721402900882482,-1.56382662037487,"down","noChange","noChange"
"EXOSC6",0.857616378665397,0.711847161474938,"noChange","up","noChange"
"EXO1",-0.543775398301249,0.217498331059481,"down","noChange","noChange"
"DEGS1",-0.306907221042929,0.00636350247922911,"noChange","down","noChange"
"SLC46A3",-0.176302385405245,-0.626307455680872,"noChange","down","noChange"
"AMZ2",-0.315021172434815,-0.0173633614673094,"noChange","down","noChange"
"C11orf58",0.408401102963187,0.845732537438875,"noChange","up","down"
"LMBRD1",-0.201796249551886,0.378364647927676,"noChange","down","up"
"PPP1R18",0.414651130576065,-1.52240298981091,"noChange","up","noChange"
"TIPRL",-0.256869097882331,-0.254478448172247,"noChange","down","noChange"
"TMEM203",0.899068182826406,0.549006109536528,"up","noChange","noChange"
"DHRS7",-0.360801628877785,-0.970485240180444,"noChange","down","up"
"SLFN14",-0.148060009154907,3.82454356816971,"noChange","down","noChange"
"NUDCD1",-0.210315621944603,-1.00849374423907,"noChange","down","noChange"
"CCNY",-0.301897841929379,-0.825439002258315,"noChange","noChange","up"
"HIST1H3F",0.465223399980313,2.03718169033429,"noChange","up","noChange"
"SMC2",-0.45009156048883,0.980810815725415,"noChange","down","noChange"
"LRRCC1",-0.211224685194119,0.713795833275232,"noChange","down","noChange"
"UQCRHL",0.631167440996329,-0.33017499861335,"noChange","up","down"
"TRAPPC13",-0.313638887444353,-0.333765736651419,"noChange","down","noChange"
"NFKBIB",0.403630590233943,0.924781138546497,"noChange","up","noChange"
"HUS1",-0.374171340780076,0.00124567629016779,"noChange","down","noChange"
"ERI1",-0.276150068470646,0.108729878757718,"noChange","down","noChange"
"SCP2",0.184159186576653,0.0154373648020857,"noChange","up","down"
"SC5D",-0.363657181739514,0.965151363596972,"noChange","down","noChange"
"KIF18A",-0.27121538647904,0.908143541625187,"noChange","down","noChange"
"HIGD1A",0.188100775050648,1.34906517019537,"noChange","up","down"
"PKIG",1.04571994628807,-0.265304944280629,"noChange","up","noChange"
"HLA-DRB1",0.548820805910066,1.1415233047802,"noChange","noChange","up"
"ATP6V1C1",-0.634686378910658,0.964550322200158,"down","noChange","noChange"
"DOCK11",-0.194694909257002,-1.20376366267811,"noChange","down","noChange"
"HIST1H3J",0.541013082384347,1.81099754643798,"noChange","up","noChange"
"COX6A1",0.68697627648843,0.791468412476685,"noChange","noChange","up"
"COX6C",-0.124119504382757,-0.00633426029865271,"noChange","noChange","up"
"ATP8B4",-0.259428481696488,-1.13346995689362,"noChange","down","noChange"
"FER",-0.112429373729498,-0.792805970564581,"noChange","down","noChange"
"RIF1",-0.245026781484528,-0.45245086944899,"down","noChange","noChange"
"COX17",1.67905476249558,1.4473360462603,"up","up","noChange"
"RNF44",0.375241278431187,-1.02875640419561,"noChange","up","noChange"
"COX7A2",0.433786785804579,0.388237001318989,"noChange","up","noChange"
"CLTC",-0.310796240397578,0.719184399179412,"noChange","down","noChange"
"TMEM135",-0.524364261857968,-1.14495515935466,"noChange","down","noChange"
"ORMDL1",-0.523082399189439,-0.216825661055634,"noChange","down","noChange"
"MED29",0.124275593713759,0.903982342344385,"noChange","up","down"
"RPS15",0.945383401268381,-0.242153565290918,"up","noChange","noChange"
"HEXB",0.112169314768129,-0.119098333101755,"noChange","noChange","up"
"ZNF557",-0.140712661856991,-0.295355985539493,"noChange","down","noChange"
"HIST1H2BD",0.730724307228938,1.6357888161597,"noChange","up","noChange"
"DEDD2",0.68429691566915,2.95945793541405,"noChange","up","noChange"
"PSMG1",-0.496802782522098,-1.08637124107635,"noChange","down","noChange"
"SAR1A",-0.208290928108875,0.471523015224033,"noChange","down","up"
"HIST1H2BJ",0.422129217095575,2.03112737811009,"noChange","up","noChange"
"APOE",0.666673899678393,-0.584867202724851,"noChange","up","noChange"
"GTF3A",0.478510665569102,-1.19773438464248,"noChange","up","noChange"
"ZFP1",-0.698834483481374,0.049177856335031,"noChange","down","noChange"
"AZI2",-0.770235197340652,0.583996880340004,"noChange","down","noChange"
"ZNF562",-0.310285838625144,-0.930026637033921,"noChange","down","noChange"
"HMGA1",0.384685099820052,-0.903277407952879,"noChange","up","down"
"TMUB1",0.284896099099573,0.772712178643501,"noChange","up","noChange"
"C16orf91",0.774553235321473,-0.169194158476867,"noChange","up","noChange"
"RBMS1",-0.20265210364301,-0.0323773651170681,"noChange","down","noChange"
"UFSP2",-0.762545008687955,-0.183726385047309,"noChange","down","noChange"
"SERINC1",-0.472076497261518,2.20786660262676,"noChange","down","noChange"
"ATG5",-0.257625506847669,0.0710006788888496,"noChange","down","noChange"
"S100A4",0.962340665429396,-1.15203728200403,"up","noChange","noChange"
"PYCARD",0.724765010707729,-0.9271196092473,"up","noChange","noChange"
"RPL34",1.06351451168041,-0.391027589315113,"up","up","noChange"
"RHBDD2",0.412621994136665,-0.161604724503371,"up","noChange","noChange"
"BBC3",0.497981031819331,2.65982332818636,"noChange","up","noChange"
"DIMT1",-0.534243585493689,-2.60911136362083,"noChange","down","noChange"
"KIAA1586",-0.506267829140531,1.65459381083028,"noChange","down","noChange"
"ARL1",-0.239742099528092,-0.564201796930996,"noChange","down","up"
"LEO1",-0.575923694615962,-0.817340107875857,"down","noChange","noChange"
"RPS29",-0.74110900700386,-0.365858393852976,"noChange","down","noChange"
"SNRPD1",-0.206695201391141,-0.802092968878155,"noChange","down","noChange"
"IKBKG",0.718172170505294,0.803048528917229,"noChange","up","noChange"
"IFT80",-0.566643074251804,0.370238385770932,"noChange","down","noChange"
"TGDS",-0.837579957312029,-0.911163221000327,"noChange","down","noChange"
"C19orf24",0.389410111684143,-0.361406088013632,"noChange","up","noChange"
"SEC61B",0.471443962079614,0.0482201663204374,"noChange","up","noChange"
"C1orf122",1.01332508424117,1.0095929378749,"noChange","up","noChange"
"RPL24",0.787319258361275,-0.247510741502311,"up","noChange","up"
"RPL23A",-0.501265103027171,-0.360393753059547,"noChange","down","noChange"
"TAPBPL",0.979234646562343,0.994598511860492,"up","noChange","noChange"
"DCUN1D1",-0.515004684768891,1.87766273468922,"noChange","down","noChange"
"RAB4B",-0.11128059723193,1.27178370947825,"noChange","noChange","up"
"USP1",-0.49225367630651,1.0640910022282,"down","noChange","noChange"
"NOP58",-0.458916988169921,-1.34307681067428,"noChange","down","noChange"
"VPS50",-0.623973289242512,1.00271983363355,"noChange","down","noChange"
"HIST1H2AK",0.683517101099539,1.79847345798319,"noChange","up","noChange"
"PRKRA",-0.0516182681366865,-1.70838952548591,"noChange","down","noChange"
"HERC4",-0.407906347723848,-0.585053597513796,"noChange","down","noChange"
"COQ10B",-0.390815877093703,2.04898205349938,"noChange","down","noChange"
"ACOT2",0.533872607633517,-0.693001626090586,"noChange","up","down"
"YBX1",0.670620654912058,0.265758934735817,"noChange","up","noChange"
"SRP54",-0.51696264325381,0.29219818374394,"noChange","down","noChange"
"TCOF1",0.0102930994992059,-2.1939120496905,"noChange","up","down"
"EIF4E",0.883135605359798,0.488935627756107,"noChange","up","down"
"USB1",0.476787830414009,-0.875201332139106,"noChange","up","down"
"VPS8",-0.618026742778713,0.303900213747341,"down","noChange","noChange"
"PDHA2",-1.25308114383546,-0.625700765665145,"noChange","down","noChange"
"TMEM30A",-0.43125927846078,0.0260580587527531,"noChange","down","noChange"
"C19orf57",0.292537567814531,1.17228119446653,"noChange","up","noChange"
"TUSC1",0.673526078806941,0.519200256718562,"noChange","up","noChange"
"ZDHHC12",0.619795134658913,0.95189210544205,"up","noChange","noChange"
"NAA15",-0.4212967550143,-1.28624048348978,"noChange","down","noChange"
"STX4",-0.589684063205582,0.458300693209532,"noChange","down","noChange"
"HM13",0.901820732374045,-0.651239918477334,"noChange","up","noChange"
"LAGE3",1.2278615951899,0.782160519030228,"up","up","down"
"STK19",0.534483676735412,0.390564083750115,"noChange","up","noChange"
"ZNF700",-1.43129179293217,-0.550929063607883,"noChange","down","noChange"
"NIPSNAP3A",-0.404356304430197,0.422869051851198,"noChange","down","noChange"
"TFPT",0.963178219037081,-0.0690135360895293,"noChange","up","noChange"
"SAT2",0.466609324186977,0.521065805756673,"noChange","up","noChange"
"USP15",-0.540154064759693,1.57559964164274,"down","noChange","noChange"
"EMC2",-0.343236587868947,0.230231782092906,"noChange","down","noChange"
"CCDC85B",1.45785190492251,-1.0020903122797,"up","up","noChange"
"SZRD1",0.724990970650668,-0.601761093933437,"noChange","up","noChange"
"MCRIP1",0.261590102550667,0.263409007055546,"noChange","up","noChange"
"KIF11",-0.418630254024954,1.16790611337801,"down","noChange","noChange"
"SWI5",0.831910549876617,-0.0145338594683198,"noChange","up","down"
"NAA38",0.412740143308947,-0.229693110430063,"noChange","up","down"
"NFU1",-0.208670965574146,-0.231398924657149,"noChange","down","noChange"
"FBXL15",0.520494021849668,0.0631698157316555,"noChange","up","noChange"
"HMGN1",1.44452104466828,-0.274651861593959,"up","up","down"
"TXNL4B",-0.500341247485518,0.416727319220634,"noChange","down","noChange"
"LSM5",-0.436808966227796,-0.231156993899593,"noChange","down","up"
"PPIL3",-0.214296253797498,-0.151499062070405,"noChange","down","noChange"
"MAD2L1",-0.43398544848994,0.0676468348670391,"noChange","down","noChange"
"SMIM1",0.841571618130892,0.86282285356393,"noChange","up","noChange"
"SLC30A6",-0.437376872390376,0.202419676255467,"noChange","down","noChange"
"HIST1H2AL",0.797675091895114,1.77781643308843,"up","up","noChange"
"SNRPD2",0.614250452016506,-0.667696991145478,"noChange","up","noChange"
"ELOA",0.356792289765103,-0.376800508267954,"noChange","up","down"
"NAE1",-0.488605384407328,-0.826762924411305,"noChange","down","noChange"
"BCL2L11",0.344988013557303,0.854136541639338,"noChange","up","noChange"
"SMCHD1",-0.548266856096456,0.214026473252645,"down","down","noChange"
"LAMTOR4",0.248279214870019,0.107476374638581,"noChange","up","down"
"CSTB",0.49494460146802,0.784733716292415,"noChange","up","noChange"
"REEP3",-0.597051492119731,0.206942298516898,"noChange","down","noChange"
"POLD4",0.521707387873754,1.80472667260584,"noChange","up","noChange"
"JMJD8",1.32125135769638,-0.0253443842671676,"up","up","noChange"
"MZT2B",0.624427243835463,1.08805271582637,"up","up","noChange"
"ARL5B",-0.346639642049252,0.290296609302805,"noChange","down","noChange"
"PPP2R3C",-0.339005742982585,0.940408104442457,"noChange","down","noChange"
"HDDC3",0.366372137185444,0.677134380121496,"noChange","up","noChange"
"CUL2",-0.638459116762414,-0.475980511729056,"down","down","noChange"
"OST4",0.545369819483997,0.616750224179126,"noChange","noChange","up"
"WDR12",-0.383588396329431,-1.63729174036099,"noChange","down","noChange"
"PTMA",0.94154989986438,0.110375213202028,"noChange","up","down"
"C8orf82",0.794999773047705,-0.12596561232261,"up","noChange","noChange"
"GINS2",-0.371394074370871,0.0270327410295258,"noChange","noChange","up"
"HDAC2",-0.559594731565652,-0.31877462109508,"down","noChange","noChange"
"TOMM22",0.64377975911726,-0.962996165094219,"noChange","up","noChange"
"VRK2",-0.385609230579415,0.369779597483072,"noChange","down","noChange"
"ANKRD12",-0.513584109430937,0.251341967473445,"down","noChange","noChange"
"TM9SF3",-0.239138579155953,0.959847791731886,"noChange","down","noChange"
"UGGT2",-0.109749704208784,-0.64785225186006,"noChange","down","up"
"VMA21",-0.466635484348051,-0.681247366772982,"noChange","down","up"
"AGL",-0.430844626778963,-1.37784458478782,"noChange","down","noChange"
"CD101",0.54365925126037,-0.83624386057939,"noChange","noChange","up"
"HIST3H2BB",1.08148209912139,2.50606903560345,"noChange","up","noChange"
"EFCAB7",0.0271553562076264,0.10259517678363,"noChange","down","noChange"
"ZNF670",-0.557956966329514,-0.745436644439332,"noChange","down","noChange"
"TMEM106B",-0.349532376855927,-0.466415276545994,"noChange","down","noChange"
"ABCA5",0.134407758948616,0.0463283121580916,"noChange","down","noChange"
"RNASEK",0.522390821844725,0.0404208365894077,"noChange","up","noChange"
"VHL",0.797341398458497,0.739684114724293,"noChange","up","down"
"ZNF791",-0.659535806195216,0.0127884350796918,"noChange","down","noChange"
"UBE2M",0.637005589624703,0.359908483983418,"noChange","up","noChange"
"TTC21B",-0.47285602968107,0.604108465675182,"noChange","down","noChange"
"MPG",1.10099049719992,-0.25124506908489,"noChange","up","noChange"
"CREM",0.391887998372463,0.719167084199405,"noChange","noChange","down"
"ZNF428",0.323548290492753,0.348461480400625,"noChange","up","noChange"
"BORCS6",0.647022576714325,0.901490697066586,"noChange","up","noChange"
"ALKBH4",1.4743910633709,-0.4235544062719,"up","noChange","noChange"
"LRPPRC",-0.206504465314411,-1.55077788022432,"noChange","down","noChange"
"NAGA",0.357747424638678,0.333548755474368,"noChange","noChange","up"
"COA3",0.604440140009674,0.132825982811162,"noChange","up","noChange"
"CYB5R4",-0.371804730134078,0.426993978253374,"noChange","down","noChange"
"RPS12",0.906475612625869,-0.0470396117986905,"noChange","up","noChange"
"PPP3R1",-0.413876694571222,0.0279143546873138,"noChange","down","noChange"
"ATP6V0E1",0.506361732573422,0.44455106443472,"noChange","noChange","up"
"RNGTT",-0.557485170053125,-0.0904288238009979,"noChange","down","noChange"
"MTMR6",-0.609955076391505,0.137958409696383,"noChange","down","noChange"
"AKT1S1",0.583798572159208,0.766113462579801,"noChange","up","noChange"
"METTL5",-0.402124309439715,-0.453838321350949,"noChange","down","noChange"
"RB1CC1",-0.359938487741741,2.67106804518097,"noChange","down","noChange"
"PSMD12",-0.620690218894128,-0.428947043022906,"noChange","down","noChange"
"SMARCAD1",-0.526377441354313,-0.341970537110635,"down","noChange","noChange"
"SNAPC2",0.805920333659186,0.112058546155427,"noChange","up","noChange"
"NCK1",-0.326819792509691,-1.01957314002885,"noChange","down","noChange"
"IFI27L2",0.707599119574998,1.06509701729462,"noChange","up","noChange"
"FASTKD1",-0.367783357754452,-0.820422192763038,"noChange","down","noChange"
"ZNF721",-0.750630165591965,-0.827034237224309,"noChange","down","noChange"
"RTRAF",-0.294758493478515,-0.252150567063081,"noChange","down","noChange"
"NAGK",0.318712050532473,0.786201907049506,"noChange","up","down"
"TBCA",-0.0909647387727669,-0.422204137881923,"noChange","down","noChange"
"NACA",0.517106669082231,-0.129492650855992,"noChange","up","noChange"
"MEA1",0.726773767411736,0.306664149361567,"noChange","up","noChange"
"SAP18",0.550002098498067,0.576190146899441,"noChange","up","noChange"
"NOP10",0.883439941422919,-0.000238168379120496,"up","up","noChange"
"KLF16",0.845971130142107,-0.845512752517477,"noChange","up","noChange"
"SUGT1",-0.549273314297689,-0.174550461575467,"down","down","noChange"
"LAPTM4A",-0.154517190481865,-0.145146926727992,"noChange","noChange","up"
"ZNF784",0.29451306688938,1.15647872294685,"noChange","up","noChange"
"HOXB2",0.485611197174257,1.24345112954102,"noChange","up","down"
"ZNF484",-0.428202176144489,0.356854561536065,"noChange","down","up"
"PPP1R15A",0.539478787338839,2.87809435057565,"noChange","up","noChange"
"CCDC112",-0.0997892391961273,-1.17044356618423,"noChange","down","noChange"
"PHC2",0.77376513333257,-0.81714986192323,"noChange","up","noChange"
"MZT1",0.868212651141036,1.37037206240467,"noChange","up","noChange"
"TMX1",0.0595921199747587,-0.281891537219228,"noChange","noChange","up"
"PAQR3",-0.62579626118133,-1.04329165099262,"noChange","down","noChange"
"SLC39A4",0.317496890162194,-1.78946536760006,"noChange","up","noChange"
"LIPA",-0.116383184073202,-1.5138126271232,"noChange","down","up"
"BBIP1",0.282374482713468,0.715096727353755,"noChange","up","down"
"HSPA14",0.671403686559505,0.0513184243583672,"noChange","up","noChange"
"C9orf16",0.722036115228678,-0.0718180451080123,"noChange","up","noChange"
"DYRK4",0.633144202241592,-0.500519165211382,"noChange","up","down"
"DDA1",0.475887998260476,0.786605640367302,"noChange","up","noChange"
"RPL10A",0.425694360588143,-0.698721837044212,"noChange","up","noChange"
"SCRN3",-0.444851034110599,-0.28297187328196,"noChange","down","noChange"
"IFRD2",0.777649088254154,0.67918960514771,"noChange","up","down"
"SMC3",-0.474428344323854,0.582462144842529,"down","noChange","noChange"
"CERS6",0.218519737842409,-1.53230574246748,"noChange","noChange","up"
"SNAP47",0.517028982473236,-0.656627393421969,"noChange","up","noChange"
"NBEAL1",-0.210172439668436,-0.0771799429850501,"noChange","down","noChange"
"ZNF529",-0.983386565091578,-0.208460918170285,"down","down","noChange"
"PPP1CB",-0.567442813011255,0.644108190355324,"noChange","down","noChange"
"SNX2",-0.379103575017966,0.406476393237666,"noChange","down","noChange"
"MANEA",-0.131547145445492,-0.355306677857077,"noChange","down","noChange"
"CYB5R3",0.187678983751004,0.477296017028453,"noChange","noChange","up"
"C4orf3",0.912092266192688,0.0660497631715044,"noChange","up","down"
"MKLN1",-0.562649981122368,1.18837026907083,"noChange","down","noChange"
"REX1BD",0.549397296419633,0.295193132048073,"noChange","up","noChange"
"SPCS1",0.966692941297763,-0.42692382298548,"noChange","up","noChange"
"HAT1",-0.528636905621844,0.274859597174375,"noChange","down","noChange"
"MOSPD2",-0.538661321846131,0.346481604521412,"down","noChange","noChange"
"LAMTOR5",0.698044699475113,0.471954178874067,"noChange","up","noChange"
"HINT3",0.498078703864023,0.100619917086205,"noChange","up","noChange"
"C2orf68",0.703823383109195,-0.0755442032415278,"noChange","up","noChange"
"RUSC1",0.645815131499576,0.0988982201340124,"noChange","up","noChange"
"SCFD1",-0.385821865696735,1.00013173197514,"noChange","down","noChange"
"CREBZF",0.758170963336929,1.10025656191387,"noChange","up","noChange"
"DDX60",-0.511052611806187,1.41902697598666,"noChange","down","noChange"
"DEAF1",0.0956229859362342,-0.415334830647359,"noChange","up","noChange"
"ENPP4",-0.426919761005961,-0.423963298519347,"noChange","down","noChange"
"TOP2B",-0.434890130493651,-0.429482758743856,"down","noChange","noChange"
"CEP135",-0.193706910555646,0.64144025832005,"noChange","down","noChange"
"RNF185",-0.0685580503541181,0.618337387170749,"noChange","noChange","down"
"PRPF40A",-0.404641668557713,-0.0947884413995327,"down","down","noChange"
"ASNSD1",-0.288344768129996,0.213829302609226,"noChange","down","noChange"
"PRIM2",-0.595983550409097,0.153613632061111,"noChange","down","noChange"
